2018-08-09 22:45:14,b'@UnitedWayTC @minnesotalynx @Timberwolves @mnwild @Twins @StPaulSaints @Vikings @MNUFC @fsnorth @LandOLakesInc I th\xe2\x80\xa6 https://t.co/iel8Rg7eug'
2018-08-09 22:06:55,"b'One of the sustainability leaders in Ag, @LandOLakes, is involved in great outreach activities with an interested p\xe2\x80\xa6 https://t.co/HJOgJDOfJz'"
2018-08-09 21:58:53,b'RT @jayferro: Why old IT metrics get in the way of business transformation goals. Great lessons from @LandOLakesInc #CIO @mwmacrie: https:/\xe2\x80\xa6'
2018-08-09 20:48:05,b'RT @drew_garretson: 20 #Indiana Co-op volunteers come together for @HabitatIndiana at the #IndianaStateFair #AgBuild. Thanks @Ceres_Solutio\xe2\x80\xa6'
2018-08-09 20:05:04,"b'Mike Macrie, #CIO, @LandOLakesInc writes why old IT metrics get in the way of business transformation goals\xe2\x80\xa6 https://t.co/zP8HExsHcZ'"
2018-08-09 19:59:46,b'RT @LandOLakesID: In the 1920s @LandOLakesInc used #radio shows to talk about improvement in quality of #dairy products - nearly 100 years\xe2\x80\xa6'
2018-08-09 19:59:27,b'RT @LandOLakesID: #Cooperatives are a key driver of economic development - it was true in the US with @LandOLakesInc at the turn of the 20t\xe2\x80\xa6'
2018-08-09 19:12:54,"b'Hands-on dairy, swine, and crop exhibits\xe2\x80\x94@fairoaksfarms is the amusement park of agriculture https://t.co/42IpTK6nro'"
2018-08-09 18:14:03,b'RT @drew_garretson: Thanks to @LandOLakesInc for sponsoring our @HabitatIndiana Co-op luncheon. Warm welcome for Mr. Bruce Kettler Exec.Dir\xe2\x80\xa6'
2018-08-09 18:05:06,b'RT @SpoilerAlert: .@SUSTAIN_ag (@LandOLakesInc) has acquired software company Agren to help meet goal of being industry leader in conservat\xe2\x80\xa6'
2018-08-09 18:04:34,b'.@SUSTAIN_ag (@LandOLakesInc) has acquired software company Agren to help meet goal of being industry leader in con\xe2\x80\xa6 https://t.co/SuoGPilayM'
2018-08-09 18:03:36,b'RT @drew_garretson: 20 #Indiana Co-op volunteers come together for @HabitatIndiana at the #IndianaStateFair #AgBuild. Thanks @Ceres_Solutio\xe2\x80\xa6'
2018-08-09 18:03:08,"b'RT @LandOLakesInc: ""Our future is meaningful, as we continue to work together to meet the grand challenge of feeding the world."" President\xe2\x80\xa6'"
2018-08-09 17:43:47,"b'RT @SUSTAIN_ag: Two years later, we are continuing to create solutions in #sustainableag. Read more about it on the @LandOLakesInc blog! ht\xe2\x80\xa6'"
2018-08-09 17:25:46,"b'RT @LandOLakesInc: Through @SUSTAIN_ag, we\xe2\x80\x99re putting some of the smartest minds in agriculture to work tackling the ""big picture"" challeng\xe2\x80\xa6'"
2018-08-09 17:17:12,b'Thanks to @LandOLakesInc for sponsoring our @HabitatIndiana Co-op luncheon. Warm welcome for Mr. Bruce Kettler Exec\xe2\x80\xa6 https://t.co/oj5qAk03ma'
2018-08-09 16:51:01,"b'RT @LandOLakesInc: Through @SUSTAIN_ag, we\xe2\x80\x99re putting some of the smartest minds in agriculture to work tackling the ""big picture"" challeng\xe2\x80\xa6'"
2018-08-09 16:26:33,b'RT @drew_garretson: 20 #Indiana Co-op volunteers come together for @HabitatIndiana at the #IndianaStateFair #AgBuild. Thanks @Ceres_Solutio\xe2\x80\xa6'
2018-08-09 16:06:19,b'@LandOLakesInc @BethFordLOL Would love to help your employees become healthier with my wellness coaching program. #lesbianownedbusiness'
2018-08-09 15:57:34,"b'RT @LandOLakesInc: Through @SUSTAIN_ag, we\xe2\x80\x99re putting some of the smartest minds in agriculture to work tackling the ""big picture"" challeng\xe2\x80\xa6'"
2018-08-09 15:55:41,b'Great quote! https://t.co/W8E6KVp4FI'
2018-08-09 15:32:35,"b'RT @LandOLakesInc: Through @SUSTAIN_ag, we\xe2\x80\x99re putting some of the smartest minds in agriculture to work tackling the ""big picture"" challeng\xe2\x80\xa6'"
2018-08-09 15:30:11,"b'Two years later, we are continuing to create solutions in #sustainableag. Read more about it on the @LandOLakesInc\xe2\x80\xa6 https://t.co/IyHWAmVu6W'"
2018-08-09 15:27:38,"b'""Our future is meaningful, as we continue to work together to meet the grand challenge of feeding the world."" Presi\xe2\x80\xa6 https://t.co/RscV8Epv90'"
2018-08-09 15:25:05,"b'Through @SUSTAIN_ag, we\xe2\x80\x99re putting some of the smartest minds in agriculture to work tackling the ""big picture"" cha\xe2\x80\xa6 https://t.co/Pli7u1tbK5'"
2018-08-09 14:22:30,b'20 #Indiana Co-op volunteers come together for @HabitatIndiana at the #IndianaStateFair #AgBuild. Thanks\xe2\x80\xa6 https://t.co/s7v9wgWSs7'
2018-08-09 14:21:24,b'RT @LandOLakesID: In the 1920s @LandOLakesInc used #radio shows to talk about improvement in quality of #dairy products - nearly 100 years\xe2\x80\xa6'
2018-08-09 05:07:02,b'RT @BettyMcCollum04: Fantastic news to hear that @LandOLakesInc has been recognized as a \xe2\x80\x9cYellow Ribbon Company.\xe2\x80\x9d This designation recogniz\xe2\x80\xa6'
2018-08-09 01:44:23,b'RT @BettyMcCollum04: Fantastic news to hear that @LandOLakesInc has been recognized as a \xe2\x80\x9cYellow Ribbon Company.\xe2\x80\x9d This designation recogniz\xe2\x80\xa6'
2018-08-08 23:52:09,"b""@BethFordLOL @LandOLakesInc Mom was German and that's the only butter she would use. The best cook, ever."""
2018-08-08 22:35:06,b'We are looking for innovators in the food and ag industry. Companies like @LandOLakesInc work closely with the prod\xe2\x80\xa6 https://t.co/6uvKDN7IlT'
2018-08-08 22:04:35,"b'RT @BRNAgNews_Mark: .@LandOLakesInc acquires Agren, an Iowa-based #soilhealth software company https://t.co/WsXO3BWQE7 #agnews #sustainabil\xe2\x80\xa6'"
2018-08-08 21:01:31,b'RT @BettyMcCollum04: Fantastic news to hear that @LandOLakesInc has been recognized as a \xe2\x80\x9cYellow Ribbon Company.\xe2\x80\x9d This designation recogniz\xe2\x80\xa6'
2018-08-08 21:01:31,b'Fantastic news to hear that @LandOLakesInc has been recognized as a \xe2\x80\x9cYellow Ribbon Company.\xe2\x80\x9d This designation recog\xe2\x80\xa6 https://t.co/y5nC6Lp4jC'
2018-08-08 19:30:21,"b'We are excited to have Michael Macrie (@mwmacrie), Senior Vice President and Chief Information Officer at\xe2\x80\xa6 https://t.co/oBB30OPz8c'"
2018-08-08 19:05:01,"b'Mike Macrie, #CIO, @LandOLakesInc writes why old IT metrics get in the way of business transformation goals\xe2\x80\xa6 https://t.co/97mTOV86v5'"
2018-08-08 18:14:13,b'@prettystraathof @LandOLakesInc Thank you so much!!! It was a great evening and celebration with so many farm families'
2018-08-08 17:50:16,b'Super cool - we need more places and programs like @FarmWisconsin to remind and educate people about how our\xe2\x80\xa6 https://t.co/jIqI8xXMeu'
2018-08-08 17:43:51,"b'RT @LandOLakesInc: Here\'s how @FarmWisconsin takes you ""Beyond the Barn."" We\xe2\x80\x99re proud to be part of the educational experience. https://t.c\xe2\x80\xa6'"
2018-08-08 17:36:07,b'In the 1920s @LandOLakesInc used #radio shows to talk about improvement in quality of #dairy products - nearly 100\xe2\x80\xa6 https://t.co/H9PDGRrBXB'
2018-08-08 17:25:40,b'@lesleyraekelly @LandOLakesInc Congratulations! Farmers should have awards shows and let the world know what great\xe2\x80\xa6 https://t.co/pAB8TMDHId'
2018-08-08 17:21:41,"b'Here\'s how @FarmWisconsin takes you ""Beyond the Barn."" We\xe2\x80\x99re proud to be part of the educational experience. https://t.co/rPpXjAw4NC'"
2018-08-08 17:19:17,b'RT @lesleyraekelly: Eeeeekkkk. Our farm just received an award from @LandOLakesInc on sustainability practices. My heart and smile are so b\xe2\x80\xa6'
2018-08-08 15:18:48,b'RT @SUSTAIN_ag: Calling all ag innovators! Have a great startup idea that advances on-farm #conservation? Apply to pitch @FoodBytes #NewYor\xe2\x80\xa6'
2018-08-08 14:31:13,"b""RT @LandOLakesID: We've fielded over 1400 volunteers to @farmertofarmer across the globe. And it all started in 1987 when 15 @LandOLakesInc\xe2\x80\xa6"""
2018-08-08 11:15:00,"b'#US #dairy cooperative @LandOLakesInc acquires Agren, an Iowa-based soil health and conservation planning software\xe2\x80\xa6 https://t.co/rgRAXHMJRQ'"
2018-08-08 01:42:20,b'RT @MBoeckISUF: Dean David Spalding @ISU_CoB congratulates recently named  @LandOLakesInc CEO and Ivy a College alumna Beth Ford on her new\xe2\x80\xa6'
2018-08-08 00:59:25,"b'@BethFordLOL great @Twitter bio, you had me at feeding human progress! @LandOLakesInc #femaleleader'"
2018-08-07 23:39:01,b'Breaking through barriers. @BethFordLOL named CEO of @LandOLakesInc https://t.co/z1gSR4KZNa'
2018-08-07 19:32:00,"b""Mike Macrie, #CIO @LandOLakesInc writes why it's time to dump old IT metrics https://t.co/DioRIEtY6M @mwmacrie @4enterprisers"""
2018-08-07 19:15:28,b'RT @DecodedShow: #Microsoft CSE partnered with @LandOLakesInc to develop software that encourages sustainable farming. Read about it here:\xe2\x80\xa6'
2018-08-07 19:04:03,"b'RT @CarahHart: ""We\'ve been leaning into a lot of innovation as a way to position the business and position and enable our farmers."" says @L\xe2\x80\xa6'"
2018-08-07 18:48:20,b'RT @DecodedShow: #Microsoft CSE partnered with @LandOLakesInc to develop software that encourages sustainable farming. Read about it here:\xe2\x80\xa6'
2018-08-07 18:43:53,b'RT @DecodedShow: #Microsoft CSE partnered with @LandOLakesInc to develop software that encourages sustainable farming. Read about it here:\xe2\x80\xa6'
2018-08-07 18:35:02,b'#Microsoft CSE partnered with @LandOLakesInc to develop software that encourages sustainable farming. Read about it\xe2\x80\xa6 https://t.co/UkplenSkhG'
2018-08-07 16:43:44,b'RT @PrassackAdvsrs: #AgTech News: @LandOLakesInc  @SUSTAIN_ag Acquires Software Company Agren https://t.co/Gfa26zlaP9 https://t.co/Q7JEeH2S\xe2\x80\xa6'
2018-08-07 14:25:53,"b'RT @CarahHart: ""We\'ve been leaning into a lot of innovation as a way to position the business and position and enable our farmers."" says @L\xe2\x80\xa6'"
2018-08-07 14:25:09,"b'""We\'ve been leaning into a lot of innovation as a way to position the business and position and enable our farmers.\xe2\x80\xa6 https://t.co/Wa1A2DDS1o'"
2018-08-07 13:27:00,b'RT @DiverseWork: Congrats to @BethFordLOL on becoming the new #President and #CEO of @LandOLakesInc \nFord is now the 25th #woman CEO in the\xe2\x80\xa6'
2018-08-07 12:11:19,"b""RT @LandOLakesID: We've fielded over 1400 volunteers to @farmertofarmer across the globe. And it all started in 1987 when 15 @LandOLakesInc\xe2\x80\xa6"""
2018-08-07 09:50:15,b'Thank you to all those who have served and their families. https://t.co/sAZUBhy9NM'
2018-08-07 05:20:18,b'Does @LandOLakesInc make a Vegan offering with regards to its products or is your products still animal based?  Whe\xe2\x80\xa6 https://t.co/zmSoGnPbIN'
2018-08-07 05:18:17,b'@BethFordLOL @LandOLakesInc Does @LandOLakesInc make a Vegan offering with regards to its products or is your produ\xe2\x80\xa6 https://t.co/ZirvMAFRKp'
2018-08-07 05:01:29,"b""RT @BethFordLOL: Anybody who's excited about meaningful work, about focusing on the grand challenges, about feeding a growing population --\xe2\x80\xa6"""
2018-08-07 02:56:18,"b""RT @BethFordLOL: Anybody who's excited about meaningful work, about focusing on the grand challenges, about feeding a growing population --\xe2\x80\xa6"""
2018-08-07 01:47:49,b'RT @OutLeadership: Beth Ford has made history. She is the first out gay woman serving as the CEO of a #Fortune500 company. @BethFordLOL @La\xe2\x80\xa6'
2018-08-07 01:30:43,"b""RT @BethFordLOL: Anybody who's excited about meaningful work, about focusing on the grand challenges, about feeding a growing population --\xe2\x80\xa6"""
2018-08-07 00:50:01,"b""RT @BethFordLOL: Anybody who's excited about meaningful work, about focusing on the grand challenges, about feeding a growing population --\xe2\x80\xa6"""
2018-08-07 00:33:37,b'RT @OutLeadership: Beth Ford has made history. She is the first out gay woman serving as the CEO of a #Fortune500 company. @BethFordLOL @La\xe2\x80\xa6'
2018-08-06 23:34:32,b'@BethFordLOL @LandOLakesInc Lol.z. is this one of those pay people a pittance and you get richer by the minute schemes?'
2018-08-06 23:27:42,b'@BethFordLOL @LandOLakesInc Count me in!   Let\xe2\x80\x99s do this!'
2018-08-06 22:33:33,"b""RT @BethFordLOL: Our @SUSTAIN_ag business isn't just implementing sustainable solutions in agriculture -- they're being created from scratc\xe2\x80\xa6"""
2018-08-06 22:07:02,b'Congratulations to @LandOLakesInc new CEO @BethFordLOL. I hope you prioritize ridding the @LandOLakesKtchn butter o\xe2\x80\xa6 https://t.co/Gna933RdMO'
2018-08-06 22:00:24,"b'RT @4enterprisers: Mike Macrie, #CIO, @LandOLakesInc writes why old IT metrics get in the way of business transformation goals https://t.co\xe2\x80\xa6'"
2018-08-06 21:59:00,"b""RT @BethFordLOL: Anybody who's excited about meaningful work, about focusing on the grand challenges, about feeding a growing population --\xe2\x80\xa6"""
2018-08-06 21:53:20,"b""@BethFordLOL @LandOLakesInc You aren't in Louisville Ky?"""
2018-08-06 21:13:02,"b'@BethFordLOL @LandOLakesInc Thing is, I\xe2\x80\x99m not excited to work for a company that makes meaningful political donatio\xe2\x80\xa6 https://t.co/TIku7fQU5r'"
2018-08-06 20:25:32,b'RT @OutLeadership: Beth Ford has made history. She is the first out gay woman serving as the CEO of a #Fortune500 company. @BethFordLOL @La\xe2\x80\xa6'
2018-08-06 20:22:16,"b""RT @BethFordLOL: We're harnessing technology, innovation and robots to transform our business. https://t.co/74dQ7gkead"""
2018-08-06 20:21:27,b'RT @BethFordLOL: Thank you to the Minnesota Department of Military Affairs\xe2\x80\x99 Beyond the Yellow Ribbon Program for recognizing @LandOLakesInc\xe2\x80\xa6'
2018-08-06 20:16:57,b'RT @MNSteveSimon: What an honor to join @LandOLakesInc CEO @BethFordLOL (on her first day in the job!) to recognize the company on being th\xe2\x80\xa6'
2018-08-06 20:16:45,b'RT @BethFordLOL: Excited to kick off Day 1 as CEO with the people who truly make @LandOLakesInc what it is -- our employees. https://t.co/r\xe2\x80\xa6'
2018-08-06 20:16:03,"b'@cmclymer @Amy_Siskind @WSJ Congratulations #BethFord, new CEO of @LandOLakesInc #FemaleLeadership @RianeEisler\xe2\x80\xa6 https://t.co/sL40jrI9Kc'"
2018-08-06 20:13:36,b'@LandOLakesInc but u support a racist like King in congress . U care nothing about people. #boycottLandoLakes'
2018-08-06 19:49:39,b'@atrupar @LandOLakesInc Why do you donate to this guy?'
2018-08-06 19:30:17,b'RT @OutLeadership: Beth Ford has made history. She is the first out gay woman serving as the CEO of a #Fortune500 company. @BethFordLOL @La\xe2\x80\xa6'
2018-08-06 19:23:42,b'Beth Ford has made history. She is the first out gay woman serving as the CEO of a #Fortune500 company.\xe2\x80\xa6 https://t.co/eesKS7DLdZ'
2018-08-06 19:02:34,"b'Why old IT metrics get in the way of business transformation goals, great lessons from @LandOLakesInc CIO @mwmacrie\xe2\x80\xa6 https://t.co/r7toGQAaBp'"
2018-08-06 18:11:16,b'RT @LandOLakesInc: All employees who are either current or former military members -- along with their families -- are critical to the succ\xe2\x80\xa6'
2018-08-06 17:38:45,"b'In a historic first, @LandOLakesInc names Beth Ford, an openly gay woman, as its CEO #LGBTPROUD\xe2\x80\x94\xe2\x80\xa6 https://t.co/HXALVLrap0'"
2018-08-06 17:05:09,"b'Mike Macrie, #CIO, @LandOLakesInc writes why old IT metrics get in the way of business transformation goals\xe2\x80\xa6 https://t.co/edTeY7D6oW'"
2018-08-06 16:28:39,"b""RT @LandOLakesID: We've fielded over 1400 volunteers to @farmertofarmer across the globe. And it all started in 1987 when 15 @LandOLakesInc\xe2\x80\xa6"""
2018-08-06 16:13:49,"b""RT @LandOLakesID: We've fielded over 1400 volunteers to @farmertofarmer across the globe. And it all started in 1987 when 15 @LandOLakesInc\xe2\x80\xa6"""
2018-08-06 16:03:35,"b""RT @LandOLakesID: We've fielded over 1400 volunteers to @farmertofarmer across the globe. And it all started in 1987 when 15 @LandOLakesInc\xe2\x80\xa6"""
2018-08-06 15:46:04,"b""We've fielded over 1400 volunteers to @farmertofarmer across the globe. And it all started in 1987 when 15\xe2\x80\xa6 https://t.co/vuWVYLcxBM"""
2018-08-06 15:29:16,b'RT @LandOLakesInc: All employees who are either current or former military members -- along with their families -- are critical to the succ\xe2\x80\xa6'
2018-08-06 15:00:31,b'All employees who are either current or former military members -- along with their families -- are critical to the\xe2\x80\xa6 https://t.co/OuUJB5cNtl'
2018-08-06 14:30:17,b'Fascinating connection of history and present-day global economy. It shows how companies like @LandOLakesInc are in\xe2\x80\xa6 https://t.co/8TB0hG836Y'
2018-08-06 14:03:33,b'RT @ShesItWomen: New @LandOLakesInc CEO Beth Ford just became the first openly gay woman to lead a Fortune 500 company \xe2\x80\x94 take a look at her\xe2\x80\xa6'
2018-08-06 14:01:39,b'New @LandOLakesInc CEO Beth Ford just became the first openly gay woman to lead a Fortune 500 company \xe2\x80\x94 take a look\xe2\x80\xa6 https://t.co/ZSf6U3jyJD'
2018-08-06 13:42:49,b'RT @PFSCommunity: How history links emerging Rwandan farmers to a Fortune 200 co-op https://t.co/HX1jMapytb'
2018-08-06 13:37:52,"b'RT @BRNAgNews_Mark: .@LandOLakesInc acquires Agren, an Iowa-based #soilhealth software company https://t.co/WsXO3BWQE7 #agnews #sustainabil\xe2\x80\xa6'"
2018-08-06 13:20:00,b'How history links emerging Rwandan farmers to a Fortune 200 co-op https://t.co/HX1jMapytb'
2018-08-06 06:00:15,b'The Latest Female CEO in the Fortune 500 Breaks a New Barrier - @LandOLakesInc https://t.co/nh4cQvxfFo https://t.co/s5uSJD2Q31'
2018-08-06 05:55:07,"b'RT @amyklobuchar: Congratulations to Beth Ford, the newest (and first female!) CEO of MN\xe2\x80\x99s @LandOLakesInc! Women continue to make great str\xe2\x80\xa6'"
2018-08-06 04:25:37,b'@cmclymer @WSJ Yay. Screw @TillamookCheese and all their trump supporting asses :) @LandOLakesInc is where my money is going now.'
2018-08-06 02:01:16,"b""RT @BethFordLOL: Anybody who's excited about meaningful work, about focusing on the grand challenges, about feeding a growing population --\xe2\x80\xa6"""
2018-08-06 01:53:48,"b""RT @BethFordLOL: Anybody who's excited about meaningful work, about focusing on the grand challenges, about feeding a growing population --\xe2\x80\xa6"""
2018-08-06 00:46:41,b'I hope every @LandOLakesInc employee Twitter account ends in LOL because that sounds like a fun place to work. https://t.co/w8SEZxdevD'
2018-08-06 00:00:08,"b""RT @BethFordLOL: Anybody who's excited about meaningful work, about focusing on the grand challenges, about feeding a growing population --\xe2\x80\xa6"""
2018-08-05 23:09:58,b'RT @jmellenberger: Push-pull strategies help fight the #fallarmyworm while improving #FoodSecurity through better yields and healthier soil\xe2\x80\xa6'
2018-08-05 22:44:49,"b""@BethFordLOL @LandOLakesInc What's the staff like? Is it mostly honest conservatives?"""
2018-08-05 22:36:14,b'@BethFordLOL @LandOLakesInc We are a small profitable business looking for the next steps. Check out @agstandard on @instagram'
2018-08-05 22:25:27,"b""RT @BethFordLOL: Anybody who's excited about meaningful work, about focusing on the grand challenges, about feeding a growing population --\xe2\x80\xa6"""
2018-08-05 21:22:58,b'@BethFordLOL @LandOLakesInc How could I sign in?'
2018-08-05 20:34:22,b'@thegayly @BethFordLOL @LandOLakesInc THANK YOU FOR USING THE WORD *LESBIAN* in a sentence. This rare act of respect is appreciated.'
2018-08-05 19:56:04,b'@BethFordLOL @LandOLakesInc CONGRATULATIONS'
2018-08-05 19:55:51,"b""RT @BethFordLOL: Anybody who's excited about meaningful work, about focusing on the grand challenges, about feeding a growing population --\xe2\x80\xa6"""
2018-08-05 18:24:00,b'@BethFordLOL @LandOLakesInc My daughter is finishing up her master degree program in food science at the University\xe2\x80\xa6 https://t.co/zKWwCCNjUI'
2018-08-05 17:38:24,"b""RT @BethFordLOL: Anybody who's excited about meaningful work, about focusing on the grand challenges, about feeding a growing population --\xe2\x80\xa6"""
2018-08-05 17:25:05,b'Congrats to @BethFordLOL on becoming the new #President and #CEO of @LandOLakesInc \nFord is now the 25th #woman CEO\xe2\x80\xa6 https://t.co/Wv6QOK39jt'
2018-08-05 17:17:00,b'@BethFordLOL @LandOLakesInc Ready willing and able! Is there a link for your followers?'
2018-08-05 16:06:00,b'@LandOLakesInc new CEO @BethFordLOL is the third openly gay CEO and the first woman! Her influence as an out #LGBTQ\xe2\x80\xa6 https://t.co/4CCeTS3Bgd'
2018-08-05 15:34:13,"b'RT @Nataliekitro: For the first time ever, a lesbian will lead a Fortune 500 company -- @LandOLakesInc \n\nhttps://t.co/G7oR3zOXL1'"
2018-08-05 15:24:21,"b""RT @BethFordLOL: Anybody who's excited about meaningful work, about focusing on the grand challenges, about feeding a growing population --\xe2\x80\xa6"""
2018-08-05 15:01:36,"b""RT @4enterprisers: Mike Macrie, #CIO, @LandOLakesInc on why it's time to dump old IT metrics https://t.co/DioRIEtY6M @mwmacrie @4enterprise\xe2\x80\xa6"""
2018-08-05 14:44:52,"b'RT @Pinboard: At the very least, I hope @LandOLakesINC makes any future political payments to Steve King in $666 installments'"
2018-08-05 14:21:41,"b""RT @4enterprisers: Mike Macrie, #CIO, @LandOLakesInc on why it's time to dump old IT metrics https://t.co/DioRIEtY6M @mwmacrie @4enterprise\xe2\x80\xa6"""
2018-08-05 14:20:00,"b""Mike Macrie, #CIO, @LandOLakesInc on why it's time to dump old IT metrics https://t.co/DioRIEtY6M @mwmacrie @4enterprisers"""
2018-08-05 13:46:10,b'RT @UptownArtFair: Join us for the final rounds of the @_KitchenWindow Culinary Competition today! Chefs and artists will create more delic\xe2\x80\xa6'
2018-08-05 13:34:52,b'Join us for the final rounds of the @_KitchenWindow Culinary Competition today! Chefs and artists will create more\xe2\x80\xa6 https://t.co/HQCES6ZwJK'
2018-08-05 13:32:42,b'RT @VictoryInst: @BethFordLOL just made history as the first openly LGBTQ woman to serve as the CEO of a Fortune 500 company. Congratulatio\xe2\x80\xa6'
2018-08-05 13:30:43,b'RT @VictoryInst: @BethFordLOL just made history as the first openly LGBTQ woman to serve as the CEO of a Fortune 500 company. Congratulatio\xe2\x80\xa6'
2018-08-05 13:28:26,"b""RT @BethFordLOL: Anybody who's excited about meaningful work, about focusing on the grand challenges, about feeding a growing population --\xe2\x80\xa6"""
2018-08-05 13:27:29,b'RT @VictoryInst: @BethFordLOL just made history as the first openly LGBTQ woman to serve as the CEO of a Fortune 500 company. Congratulatio\xe2\x80\xa6'
2018-08-05 11:15:42,b'RT @johndalytv: @BethFordLOL @LandOLakesInc If you\xe2\x80\x99re serious then @LandoLakesInc will look at this techology. Call me. https://t.co/xZkNY5\xe2\x80\xa6'
2018-08-05 01:41:40,"b""@BethFordLOL @LandOLakesInc My grandma who was poor always insisted on a few brands:\n* Land 'o Lakes butter\n* King\xe2\x80\xa6 https://t.co/gVyZWRr81P"""
2018-08-05 01:08:24,"b""RT @BethFordLOL: Anybody who's excited about meaningful work, about focusing on the grand challenges, about feeding a growing population --\xe2\x80\xa6"""
2018-08-05 00:33:43,"b'RT @4enterprisers: Mike Macrie, #CIO, @LandOLakesInc writes why old IT metrics get in the way of business transformation goals https://t.co\xe2\x80\xa6'"
2018-08-04 22:09:30,"b""RT @BethFordLOL: Anybody who's excited about meaningful work, about focusing on the grand challenges, about feeding a growing population --\xe2\x80\xa6"""
2018-08-04 21:33:14,b'@BethFordLOL @LandOLakesInc I make images if you need somebody like that call DM me. Here is a sample.\xe2\x80\xa6 https://t.co/Kq2YIEZmrd'
2018-08-04 21:01:09,"b'RT @amyklobuchar: Congratulations to Beth Ford, the newest (and first female!) CEO of MN\xe2\x80\x99s @LandOLakesInc! Women continue to make great str\xe2\x80\xa6'"
2018-08-04 19:23:21,"b'RT @ConsciousCoMag: ""I made a decision long ago to live an #authentic life and if my being named #CEO helps others do the same, that\'s a wo\xe2\x80\xa6'"
2018-08-04 17:05:00,"b'Mike Macrie, #CIO, @LandOLakesInc writes why old IT metrics get in the way of business transformation goals\xe2\x80\xa6 https://t.co/1plqvr8CA2'"
2018-08-04 16:50:42,"b""RT @mikedillonsf: .@LandOLakesInc names it's first female CEO - the 25th to lead a Fortune 500 company https://t.co/cpBdVkCkzA"""
2018-08-04 15:48:13,b'@BethFordLOL @LandOLakesInc I\xe2\x80\x99d love to but I\xe2\x80\x99m not sure my area of expertise is what you\xe2\x80\x99re looking for. Unless yo\xe2\x80\xa6 https://t.co/Dd8b91byr5'
2018-08-04 15:45:59,"b""RT @BethFordLOL: Anybody who's excited about meaningful work, about focusing on the grand challenges, about feeding a growing population --\xe2\x80\xa6"""
2018-08-04 15:43:06,"b""RT @BethFordLOL: Anybody who's excited about meaningful work, about focusing on the grand challenges, about feeding a growing population --\xe2\x80\xa6"""
2018-08-04 13:59:47,"b'RT @abovebottomline: \xe2\x80\x9cAgribusiness company @LandOLakesInc has named Beth Ford its new president and CEO, appointing her to the top job at a\xe2\x80\xa6'"
2018-08-04 13:16:41,"b'Ingredients, @LandOLakesInc margarine:\nLiquid Soybean Oil, Water, Hydrogenated Oil, Partially Hydrogenated Oil, But\xe2\x80\xa6 https://t.co/u3Qitxt2SB'"
2018-08-04 12:51:03,"b""RT @NFUDC: You're probably familiar with cooperatives, but did you know cooperative businesses can be structured in a number of different w\xe2\x80\xa6"""
2018-08-04 11:50:51,"b""RT @BethFordLOL: Anybody who's excited about meaningful work, about focusing on the grand challenges, about feeding a growing population --\xe2\x80\xa6"""
2018-08-04 06:56:08,b'@amyklobuchar @LandOLakesInc Ask her about the plans to close another Dairy plant in Thief River Falls after upgrad\xe2\x80\xa6 https://t.co/gTsVleXXzF'
2018-08-04 04:14:17,"b""RT @ISU_CoB: Dean Spalding found a familiar face during a recent visit to @LandOLakesInc headquarters. Ivy alumna, Olivia Reicks ('17 SCM),\xe2\x80\xa6"""
2018-08-04 02:33:57,"b""RT @Ellevest: This #FinancialFeministFriday, we\xe2\x80\x99re celebrating the newly appointed CEO of Land O'Lakes, @BethFordLOL. Beth is the first ope\xe2\x80\xa6"""
2018-08-04 01:59:00,"b""RT @BethFordLOL: Anybody who's excited about meaningful work, about focusing on the grand challenges, about feeding a growing population --\xe2\x80\xa6"""
2018-08-04 00:32:11,b'@BRNAgNews_Mark @LandOLakesInc @brownfield Technology + Science + Agricultural Expertise delivers improved lives ac\xe2\x80\xa6 https://t.co/wjLq6b3Dcl'
2018-08-04 00:25:46,"b""'Celebrating results and blazing a new path for sustainability in ag' via @Landolakesinc - https://t.co/I4X2yrkZ8M"""
2018-08-03 23:58:55,"b'@SenTinaSmith @LandOLakesInc Thanks Senator Smith!  The team and I are off and running, working to create the future!'"
2018-08-03 23:58:47,"b'""I made a decision long ago to live an #authentic life and if my being named #CEO helps others do the same, that\'s\xe2\x80\xa6 https://t.co/aalI8Wo1aW'"
2018-08-03 23:56:39,b'@amyklobuchar @LandOLakesInc Thanks Senator.  I\xe2\x80\x99m excited about the opportunity...'
2018-08-03 23:44:50,"b""RT @BethFordLOL: Anybody who's excited about meaningful work, about focusing on the grand challenges, about feeding a growing population --\xe2\x80\xa6"""
2018-08-03 23:37:59,"b""RT @Ellevest: This #FinancialFeministFriday, we\xe2\x80\x99re celebrating the newly appointed CEO of Land O'Lakes, @BethFordLOL. Beth is the first ope\xe2\x80\xa6"""
2018-08-03 23:25:21,"b""RT @BethFordLOL: Anybody who's excited about meaningful work, about focusing on the grand challenges, about feeding a growing population --\xe2\x80\xa6"""
2018-08-03 23:08:01,"b""RT @ISU_CoB: Dean Spalding found a familiar face during a recent visit to @LandOLakesInc headquarters. Ivy alumna, Olivia Reicks ('17 SCM),\xe2\x80\xa6"""
2018-08-03 22:20:13,"b""RT @BethFordLOL: Anybody who's excited about meaningful work, about focusing on the grand challenges, about feeding a growing population --\xe2\x80\xa6"""
2018-08-03 22:18:23,"b""RT @BethFordLOL: Anybody who's excited about meaningful work, about focusing on the grand challenges, about feeding a growing population --\xe2\x80\xa6"""
2018-08-03 22:17:49,"b'RT @LandOLakesInc: The droplet is everything, right @WinFieldUnited? https://t.co/UYyYcG2hXv'"
2018-08-03 21:53:05,"b""RT @BethFordLOL: Anybody who's excited about meaningful work, about focusing on the grand challenges, about feeding a growing population --\xe2\x80\xa6"""
2018-08-03 21:27:44,"b'.@LandOLakesInc acquires Agren, an Iowa-based #soilhealth software company https://t.co/WsXO3BWQE7 #agnews #sustainability #mnag @brownfield'"
2018-08-03 21:15:00,"b""RT @Ellevest: This #FinancialFeministFriday, we\xe2\x80\x99re celebrating the newly appointed CEO of Land O'Lakes, @BethFordLOL. Beth is the first ope\xe2\x80\xa6"""
2018-08-03 21:04:55,b'@Nameher33466685 @BethFordLOL @LandOLakesInc by the brine!! that is NEXT LEVEL!!!'
2018-08-03 20:56:51,"b""RT @BethFordLOL: Anybody who's excited about meaningful work, about focusing on the grand challenges, about feeding a growing population --\xe2\x80\xa6"""
2018-08-03 19:57:09,b'RT @MBoeckISUF: Dean David Spalding @ISU_CoB congratulates recently named  @LandOLakesInc CEO and Ivy a College alumna Beth Ford on her new\xe2\x80\xa6'
2018-08-03 19:56:25,"b""RT @ISU_CoB: Dean Spalding found a familiar face during a recent visit to @LandOLakesInc headquarters. Ivy alumna, Olivia Reicks ('17 SCM),\xe2\x80\xa6"""
2018-08-03 19:54:15,"b""RT @Ellevest: This #FinancialFeministFriday, we\xe2\x80\x99re celebrating the newly appointed CEO of Land O'Lakes, @BethFordLOL. Beth is the first ope\xe2\x80\xa6"""
2018-08-03 19:24:01,"b""RT @ISU_CoB: Dean Spalding found a familiar face during a recent visit to @LandOLakesInc headquarters. Ivy alumna, Olivia Reicks ('17 SCM),\xe2\x80\xa6"""
2018-08-03 19:05:20,"b""This #FinancialFeministFriday, we\xe2\x80\x99re celebrating the newly appointed CEO of Land O'Lakes, @BethFordLOL. Beth is the\xe2\x80\xa6 https://t.co/wiLbovzN1m"""
2018-08-03 18:44:24,b'RT @jayferro: Why old IT metrics get in the way of business transformation goals. Great lessons from @LandOLakesInc #CIO @mwmacrie: https:/\xe2\x80\xa6'
2018-08-03 18:23:38,"b'Why old IT metrics get in the way of business transformation goals, great lessons from @LandOLakesInc CIO @mwmacrie\xe2\x80\xa6 https://t.co/NKZGPKhO9k'"
2018-08-03 18:18:39,"b'Congratulations to @Beth FordLOL, new CEO @LandOLakesInc and 2015 AWESOME Legendary Leadership Award honoree. Outst\xe2\x80\xa6 https://t.co/oBn7eVXOaL'"
2018-08-03 18:08:55,"b'Dean Spalding found a familiar face during a recent visit to @LandOLakesInc headquarters. Ivy alumna, Olivia Reicks\xe2\x80\xa6 https://t.co/TdeL6km2Bb'"
2018-08-03 17:10:04,b'RT @BethFordLOL: Excited to kick off Day 1 as CEO with the people who truly make @LandOLakesInc what it is -- our employees. https://t.co/r\xe2\x80\xa6'
2018-08-03 16:37:16,"b'RT @4enterprisers: Mike Macrie, #CIO, @LandOLakesInc writes why old IT metrics get in the way of business transformation goals https://t.co\xe2\x80\xa6'"
2018-08-03 16:33:47,"b'The more people you meet and more often you see how others live, you find our similarities far out weigh our differ\xe2\x80\xa6 https://t.co/GGDqbVr3Ed'"
2018-08-03 16:21:18,b'RT @jayferro: Why old IT metrics get in the way of business transformation goals. Great lessons from @LandOLakesInc #CIO @mwmacrie: https:/\xe2\x80\xa6'
2018-08-03 16:05:07,"b'Mike Macrie, #CIO, @LandOLakesInc writes why old IT metrics get in the way of business transformation goals\xe2\x80\xa6 https://t.co/dg0xI0Fyl7'"
2018-08-03 16:02:12,b'@BethFordLOL @LandOLakesInc The solution is GMO. Anyone who thinks otherwise is just ignorant'
2018-08-03 16:01:09,b'Why old IT metrics get in the way of business transformation goals. Great lessons from @LandOLakesInc #CIO\xe2\x80\xa6 https://t.co/coLpESIIAT'
2018-08-03 15:27:58,b'RT @UNTHAshredders: .@LandOLakesInc has recently announced that dairy farm Reinford Farms has been named the winner of the Innovation Cente\xe2\x80\xa6'
2018-08-03 15:22:52,"b'Why old IT metrics get in the way of business transformation goals, great lessons from @LandOLakesInc CIO @mwmacrie\xe2\x80\xa6 https://t.co/qibAeu1e3T'"
2018-08-03 13:02:08,"b'RT @OUTstandingiB: Earlier this week, Beth Ford was announced CEO of @LandOLakesInc - making her the first out lesbian in the Fortune 500.\xe2\x80\xa6'"
2018-08-03 12:33:46,"b'RT @SUSTAIN_ag: Excited to announce @LandoLakesInc acquired Agren, Inc., an Iowa-based software company whose #soilhealth and #conservation\xe2\x80\xa6'"
2018-08-03 03:16:17,b'@Nameher33466685 @BethFordLOL @LandOLakesInc You\xe2\x80\x99ve obviously never had REAL butter. To each his/her own. \xe2\x98\xa0\xef\xb8\x8f'
2018-08-03 01:49:20,b'@notalemming @BethFordLOL @LandOLakesInc Your town misses you Nancy. \xf0\x9f\xa4\xa1'
2018-08-03 01:47:05,b'@larryrstreet @BethFordLOL @LandOLakesInc How is Steve doing anyway?'
2018-08-03 01:45:42,b'@Deb___5 @BethFordLOL @LandOLakesInc Avi to match the tweet \xf0\x9f\x91\x8d'
2018-08-03 01:43:36,"b'@HudgetBrineGods @BethFordLOL @LandOLakesInc I often change Suger to LOL butter, when I sing Def Leppards song'"
2018-08-03 01:41:15,b'@BrookhartKim @BethFordLOL @LandOLakesInc I love your butter! KRB lacks manners. \xf0\x9f\x98\x81'
2018-08-03 01:38:44,b'@thevikingdood @walterclemmons @BethFordLOL @LandOLakesInc Ya Walt?'
2018-08-03 01:36:00,b'@SUSTAIN_ag @LandOLakesInc Congratulations to everyone involved!'
2018-08-03 00:57:48,"b""RT @BethFordLOL: Anybody who's excited about meaningful work, about focusing on the grand challenges, about feeding a growing population --\xe2\x80\xa6"""
2018-08-03 00:38:51,"b'RT @amyklobuchar: Congratulations to Beth Ford, the newest (and first female!) CEO of MN\xe2\x80\x99s @LandOLakesInc! Women continue to make great str\xe2\x80\xa6'"
2018-08-03 00:34:42,b'RT @MBoeckISUF: Dean David Spalding @ISU_CoB congratulates recently named  @LandOLakesInc CEO and Ivy a College alumna Beth Ford on her new\xe2\x80\xa6'
2018-08-03 00:14:51,b'Dean David Spalding @ISU_CoB congratulates recently named  @LandOLakesInc CEO and Ivy a College alumna Beth Ford on\xe2\x80\xa6 https://t.co/HCggHTS5p7'
2018-08-03 00:09:28,"b""@BethFordLOL @LandOLakesInc Congratulations.  The speech of a focus on employees is heard often from aspiring CEO's\xe2\x80\xa6 https://t.co/hQJySqxcUq"""
2018-08-02 23:27:27,"b""RT @BethFordLOL: Anybody who's excited about meaningful work, about focusing on the grand challenges, about feeding a growing population --\xe2\x80\xa6"""
2018-08-02 23:14:04,b'@BethFordLOL @LandOLakesInc Also maybe minimizing a growing population? This planet  Is not Infinitely big with infinite resource S.'
2018-08-02 22:41:06,b'@BethFordLOL @LandOLakesInc I\xe2\x80\x99m on my way!'
2018-08-02 22:37:51,"b""RT @BethFordLOL: Anybody who's excited about meaningful work, about focusing on the grand challenges, about feeding a growing population --\xe2\x80\xa6"""
2018-08-02 22:35:06,b'Veteran of @PepsiCo is named next CEO of @LandOLakesInc https://t.co/kQAtGbm7Tk @WSJ'
2018-08-02 22:20:44,b'@BethFordLOL @LandOLakesInc Butter??'
2018-08-02 21:48:15,"b'RT @SUSTAIN_ag: Excited to announce @LandoLakesInc acquired Agren, Inc., an Iowa-based software company whose #soilhealth and #conservation\xe2\x80\xa6'"
2018-08-02 21:39:28,"b""RT @BethFordLOL: Anybody who's excited about meaningful work, about focusing on the grand challenges, about feeding a growing population --\xe2\x80\xa6"""
2018-08-02 21:20:28,"b'RT @amyklobuchar: Congratulations to Beth Ford, the newest (and first female!) CEO of MN\xe2\x80\x99s @LandOLakesInc! Women continue to make great str\xe2\x80\xa6'"
2018-08-02 19:56:42,b'@zenamonique @LandOLakesInc I miss MN!'
2018-08-02 19:45:14,"b""RT @BethFordLOL: Our @SUSTAIN_ag business isn't just implementing sustainable solutions in agriculture -- they're being created from scratc\xe2\x80\xa6"""
2018-08-02 19:44:24,"b'RT @SUSTAIN_ag: ""Farmers inherently appreciate that managing risk and taking the long-term view is what keeps them on their farms season af\xe2\x80\xa6'"
2018-08-02 19:43:26,"b'RT @amyklobuchar: Congratulations to Beth Ford, the newest (and first female!) CEO of MN\xe2\x80\x99s @LandOLakesInc! Women continue to make great str\xe2\x80\xa6'"
2018-08-02 19:24:19,b'Awesome! Another reason to love @LandOLakesInc #breakingbarriers #LGBTQ \xf0\x9f\x8f\xb3\xef\xb8\x8f\xe2\x80\x8d\xf0\x9f\x8c\x88 https://t.co/iDAzGn4T74'
2018-08-02 19:08:21,b'Excited to celebrate graduates of our CISCO IT Essentials and CompTIA IT Fundamentals classes at @NeighbHouseMN! A\xe2\x80\xa6 https://t.co/yBV9WSSPUT'
2018-08-02 18:45:46,"b'@LandOLakesInc @SUSTAIN_ag acquires Agren to ""help growers and dairy farmers safeguard water quality, reduce erosio\xe2\x80\xa6 https://t.co/JKQhtp2mqB'"
2018-08-02 18:19:40,"b'@BethFordLOL @LandOLakesInc I can offer you my ""Real Butter Tastes Best""  ad campaign for 30%. I will be 74, 8/31.\xe2\x80\xa6 https://t.co/3223QCUN6J'"
2018-08-02 18:13:57,"b'RT @LandOLakesInc: Mr. Corn oversees an #AnswerPlot community garden, empowering students to get in touch with agriculture and support the\xe2\x80\xa6'"
2018-08-02 17:23:09,b'@McPhailSue @LandOLakesInc Thank you Susan!'
2018-08-02 17:19:39,"b'RT @amyklobuchar: Congratulations to Beth Ford, the newest (and first female!) CEO of MN\xe2\x80\x99s @LandOLakesInc! Women continue to make great str\xe2\x80\xa6'"
2018-08-02 16:52:59,"b'RT @amyklobuchar: Congratulations to Beth Ford, the newest (and first female!) CEO of MN\xe2\x80\x99s @LandOLakesInc! Women continue to make great str\xe2\x80\xa6'"
2018-08-02 16:37:17,b'ThomsonReuters with great feature on @LandoLakesInc and appreciate mention of our #MAWQCP partnership with\xe2\x80\xa6 https://t.co/6UXVn4IwbU'
2018-08-02 16:12:57,b'@lesleyraekelly @LandOLakesInc Congratulations! Nothing is more encouraging than having your hard work recognized! Hard work ag style!'
2018-08-02 16:01:02,b'RT @MNSteveSimon: What an honor to join @LandOLakesInc CEO @BethFordLOL (on her first day in the job!) to recognize the company on being th\xe2\x80\xa6'
2018-08-02 15:49:30,b'Guess who is exclusively buying @LandOLakesInc now?  \xf0\x9f\x99\x8c https://t.co/Bs95vwqdrv'
2018-08-02 15:35:00,"b'Mike Macrie, #CIO, @LandOLakesInc writes why old IT metrics get in the way of business transformation goals\xe2\x80\xa6 https://t.co/ImNPxXzlZf'"
2018-08-02 15:17:40,"b'RT @amyklobuchar: Congratulations to Beth Ford, the newest (and first female!) CEO of MN\xe2\x80\x99s @LandOLakesInc! Women continue to make great str\xe2\x80\xa6'"
2018-08-02 15:14:15,b'It\xe2\x80\x99s final presentation day for the @LandOLakesGFC Emerging Leaders at @LandOLakesInc. Can\xe2\x80\x99t wait to hear about the\xe2\x80\xa6 https://t.co/rbqhrxEG1C'
2018-08-02 15:06:16,"b'RT @amyklobuchar: Congratulations to Beth Ford, the newest (and first female!) CEO of MN\xe2\x80\x99s @LandOLakesInc! Women continue to make great str\xe2\x80\xa6'"
2018-08-02 14:35:45,"b'RT @SUSTAIN_ag: Excited to announce @LandoLakesInc acquired Agren, Inc., an Iowa-based software company whose #soilhealth and #conservation\xe2\x80\xa6'"
2018-08-02 14:29:52,"b'Excited to announce @LandoLakesInc acquired Agren, Inc., an Iowa-based software company whose #soilhealth and\xe2\x80\xa6 https://t.co/3o55KYSqwt'"
2018-08-02 14:29:06,b'RT @BethFordLOL: Excited to kick off Day 1 as CEO with the people who truly make @LandOLakesInc what it is -- our employees. https://t.co/r\xe2\x80\xa6'
2018-08-02 14:27:35,b'RT @MNSteveSimon: What an honor to join @LandOLakesInc CEO @BethFordLOL (on her first day in the job!) to recognize the company on being th\xe2\x80\xa6'
2018-08-02 14:26:32,b'RT @PrassackAdvsrs: #AgTech News: @LandOLakesInc  @SUSTAIN_ag Acquires Software Company Agren https://t.co/Gfa26zlaP9 https://t.co/Q7JEeH2S\xe2\x80\xa6'
2018-08-02 14:19:53,b'@amyklobuchar @LandOLakesInc Is it possible we could just congratulate her for her accomplishments instead of bring\xe2\x80\xa6 https://t.co/ujj66f1hMU'
2018-08-02 14:10:02,b'Thank you to the Minnesota Department of Military Affairs\xe2\x80\x99 Beyond the Yellow Ribbon Program for recognizing\xe2\x80\xa6 https://t.co/hX6GbJekP1'
2018-08-02 14:08:02,"b""RT @BethFordLOL: Anybody who's excited about meaningful work, about focusing on the grand challenges, about feeding a growing population --\xe2\x80\xa6"""
2018-08-02 14:04:56,b'IAFP 2018 in Salt Lake City with Vice President of Land O Lakes and staff at the Presidents Reception #InviteOnly :\xe2\x80\xa6 https://t.co/rlbpXf3k4L'
2018-08-02 14:03:51,b'@BethFordLOL @LandOLakesInc lol what'
2018-08-02 14:00:09,"b'Mr. Corn oversees an #AnswerPlot community garden, empowering students to get in touch with agriculture and support\xe2\x80\xa6 https://t.co/igNlIgbHqT'"
2018-08-02 13:32:15,"b'RT @amyklobuchar: Congratulations to Beth Ford, the newest (and first female!) CEO of MN\xe2\x80\x99s @LandOLakesInc! Women continue to make great str\xe2\x80\xa6'"
2018-08-02 13:19:21,b'Are old IT metrics hampering your #digitaltransformation ? @LandOLakesInc #CIO @mwmacrie discusses...\xe2\x80\xa6 https://t.co/2suVeN6n8S'
2018-08-02 13:08:11,b'@NFUDC @LandOLakesInc @CHSIncorporated @farmcredit @MemberOwned @UN4Coops @usdaRD @Cooperative_ME Co-ops empower em\xe2\x80\xa6 https://t.co/n8mimsNn3f'
2018-08-02 12:52:33,"b'Congrats to @BethFordLOL and it\xe2\x80\x99s \xe2\x80\x9cBig Thinkers\xe2\x80\x9d @SUSTAIN_ag love the vision, innovation, and mission #DataScience\xe2\x80\xa6 https://t.co/mVJUKFyWZT'"
2018-08-02 12:41:47,b'@BethFordLOL @LandOLakesInc Wishing you all the best @BethFordLOL as CEO  @LandOLakesInc Great to hear you shout ou\xe2\x80\xa6 https://t.co/oOw8ptCypE'
2018-08-02 12:31:06,"b'RT @amyklobuchar: Congratulations to Beth Ford, the newest (and first female!) CEO of MN\xe2\x80\x99s @LandOLakesInc! Women continue to make great str\xe2\x80\xa6'"
2018-08-02 12:30:07,b'#AgTech News: @LandOLakesInc  @SUSTAIN_ag Acquires Software Company Agren https://t.co/Gfa26zlaP9 https://t.co/Q7JEeH2STa'
2018-08-02 12:08:44,b'@BethFordLOL @LandOLakesInc Keep up the good work'
2018-08-02 12:02:34,"b'RT @LandOLakesInc: ""In the end, I want people to believe and feel as though I\'ve been more focused on their success than my own."" More on l\xe2\x80\xa6'"
2018-08-02 12:00:29,"b""RT @LandOLakesInc: .@BethFordLOL, the new President and CEO of @LandOLakesInc, on why it's one of the most exciting places she's ever worke\xe2\x80\xa6"""
2018-08-02 11:22:47,"b""RT @BethFordLOL: Our @SUSTAIN_ag business isn't just implementing sustainable solutions in agriculture -- they're being created from scratc\xe2\x80\xa6"""
2018-08-02 10:39:01,"b'RT @SUSTAIN_ag: ""Farmers inherently appreciate that managing risk and taking the long-term view is what keeps them on their farms season af\xe2\x80\xa6'"
2018-08-02 10:07:54,b'@BethFordLOL @LandOLakesInc If you\xe2\x80\x99re serious then @LandoLakesInc will look at this techology. Call me. https://t.co/xZkNY5UeqK'
2018-08-02 08:54:06,"b""@amyklobuchar @LandOLakesInc It's always easier for them to walk on the already broken trail. Thanks men for making\xe2\x80\xa6 https://t.co/pXeTDiiMqF"""
2018-08-02 08:31:07,"b'RT @SUSTAIN_ag: ""Farmers inherently appreciate that managing risk and taking the long-term view is what keeps them on their farms season af\xe2\x80\xa6'"
2018-08-02 07:15:11,b'RT @VictoryInst: @BethFordLOL just made history as the first openly LGBTQ woman to serve as the CEO of a Fortune 500 company. Congratulatio\xe2\x80\xa6'
2018-08-02 07:12:35,"b'RT @amyklobuchar: Congratulations to Beth Ford, the newest (and first female!) CEO of MN\xe2\x80\x99s @LandOLakesInc! Women continue to make great str\xe2\x80\xa6'"
2018-08-02 05:27:54,b'@BethFordLOL @LandOLakesInc Congrats!! \xf0\x9f\x8d\xbe \xf0\x9f\x8c\x88\xe2\x9d\xa4\xef\xb8\x8f\xf0\x9f\x92\x99\xf0\x9f\x92\x9c\xf0\x9f\x92\x9b\xf0\x9f\x92\x9a'
2018-08-02 05:23:07,"b'RT @amyklobuchar: Congratulations to Beth Ford, the newest (and first female!) CEO of MN\xe2\x80\x99s @LandOLakesInc! Women continue to make great str\xe2\x80\xa6'"
2018-08-02 05:17:28,b'@BethFordLOL @LandOLakesInc Congratulations!!'
2018-08-02 04:03:23,b'I will be at @LandOLakesInc on Day 2 for @LandOLakesGFC.  Coincidence? @ISU_CoB #IowaState_SCM https://t.co/tBdRvM6019'
2018-08-02 04:00:04,b'RT @MNSteveSimon: What an honor to join @LandOLakesInc CEO @BethFordLOL (on her first day in the job!) to recognize the company on being th\xe2\x80\xa6'
2018-08-02 03:55:23,"b'RT @amyklobuchar: Congratulations to Beth Ford, the newest (and first female!) CEO of MN\xe2\x80\x99s @LandOLakesInc! Women continue to make great str\xe2\x80\xa6'"
2018-08-02 03:49:56,"b'RT @LandOLakesInc: The droplet is everything, right @WinFieldUnited? https://t.co/UYyYcG2hXv'"
2018-08-02 03:42:27,b'RT @MNSteveSimon: What an honor to join @LandOLakesInc CEO @BethFordLOL (on her first day in the job!) to recognize the company on being th\xe2\x80\xa6'
2018-08-02 03:37:11,"b'RT @2harvest: This morning @LandOLakesInc donated over 40,000 pounds of macaroni &amp; cheese to Second Harvest. This donation demonstrates the\xe2\x80\xa6'"
2018-08-02 02:51:48,b'@BethFordLOL @LandOLakesInc When are you going to start producing some A-2 casein products?  That\xe2\x80\x99s when you get my business.'
2018-08-02 02:49:37,"b'RT @amyklobuchar: Congratulations to Beth Ford, the newest (and first female!) CEO of MN\xe2\x80\x99s @LandOLakesInc! Women continue to make great str\xe2\x80\xa6'"
2018-08-02 02:06:20,"b'RT @amyklobuchar: Congratulations to Beth Ford, the newest (and first female!) CEO of MN\xe2\x80\x99s @LandOLakesInc! Women continue to make great str\xe2\x80\xa6'"
2018-08-02 01:37:28,b'@BethFordLOL @LandOLakesInc Your butter tastes like \xf0\x9f\x92\xa9 and is full of gmo\xe2\x80\x99s.'
2018-08-02 01:33:18,"b'RT @amyklobuchar: Congratulations to Beth Ford, the newest (and first female!) CEO of MN\xe2\x80\x99s @LandOLakesInc! Women continue to make great str\xe2\x80\xa6'"
2018-08-02 01:32:15,"b'@BethFordLOL @LandOLakesInc One of the best uses of twitter by a CEO that I have seen. Direct, authentic and well written.'"
2018-08-02 01:17:31,b'RT @BethFordLOL: Excited to kick off Day 1 as CEO with the people who truly make @LandOLakesInc what it is -- our employees. https://t.co/r\xe2\x80\xa6'
2018-08-02 01:15:32,"b'RT @amyklobuchar: Congratulations to Beth Ford, the newest (and first female!) CEO of MN\xe2\x80\x99s @LandOLakesInc! Women continue to make great str\xe2\x80\xa6'"
2018-08-02 00:49:38,"b'@amyklobuchar @LandOLakesInc You know Amy, the rich people you were complaining about just a couple days ago?'"
2018-08-02 00:45:54,"b'@amyklobuchar @LandOLakesInc Oh oh, she might of got a tax break from Trump for being rich.\xf0\x9f\x98\x89'"
2018-08-02 00:45:38,"b'RT @BethFordLOL: @MNSteveSimon @LandOLakesInc Thank you for the recognition for LOL and our vets/families/service members, Secretary Simon.\xe2\x80\xa6'"
2018-08-02 00:34:41,"b'RT @amyklobuchar: Congratulations to Beth Ford, the newest (and first female!) CEO of MN\xe2\x80\x99s @LandOLakesInc! Women continue to make great str\xe2\x80\xa6'"
2018-08-02 00:32:36,"b'RT @amyklobuchar: Congratulations to Beth Ford, the newest (and first female!) CEO of MN\xe2\x80\x99s @LandOLakesInc! Women continue to make great str\xe2\x80\xa6'"
2018-08-02 00:24:26,"b'RT @amyklobuchar: Congratulations to Beth Ford, the newest (and first female!) CEO of MN\xe2\x80\x99s @LandOLakesInc! Women continue to make great str\xe2\x80\xa6'"
2018-08-02 00:21:03,b'@JudyPeppler @LandOLakesInc Great day with the team!  Employee celebration day. Lots of energy and excitement\xf0\x9f\x98\x80\xf0\x9f\x98\x80'
2018-08-02 00:14:02,b'@BethFordLOL @LandOLakesInc I hope it was a fantastic day!'
2018-08-02 00:11:37,"b'RT @amyklobuchar: Congratulations to Beth Ford, the newest (and first female!) CEO of MN\xe2\x80\x99s @LandOLakesInc! Women continue to make great str\xe2\x80\xa6'"
2018-08-02 00:05:58,"b""RT @NFUDC: You're probably familiar with cooperatives, but did you know cooperative businesses can be structured in a number of different w\xe2\x80\xa6"""
2018-08-02 00:04:57,b'RT @MNSteveSimon: What an honor to join @LandOLakesInc CEO @BethFordLOL (on her first day in the job!) to recognize the company on being th\xe2\x80\xa6'
2018-08-02 00:00:54,"b'RT @amyklobuchar: Congratulations to Beth Ford, the newest (and first female!) CEO of MN\xe2\x80\x99s @LandOLakesInc! Women continue to make great str\xe2\x80\xa6'"
2018-08-01 23:59:52,b'RT @BethFordLOL: Excited to kick off Day 1 as CEO with the people who truly make @LandOLakesInc what it is -- our employees. https://t.co/r\xe2\x80\xa6'
2018-08-01 23:58:19,"b'RT @amyklobuchar: Congratulations to Beth Ford, the newest (and first female!) CEO of MN\xe2\x80\x99s @LandOLakesInc! Women continue to make great str\xe2\x80\xa6'"
2018-08-01 23:56:36,"b""RT @BethFordLOL: Anybody who's excited about meaningful work, about focusing on the grand challenges, about feeding a growing population --\xe2\x80\xa6"""
2018-08-01 23:50:45,"b'RT @amyklobuchar: Congratulations to Beth Ford, the newest (and first female!) CEO of MN\xe2\x80\x99s @LandOLakesInc! Women continue to make great str\xe2\x80\xa6'"
2018-08-01 23:42:52,"b""RT @BethFordLOL: Anybody who's excited about meaningful work, about focusing on the grand challenges, about feeding a growing population --\xe2\x80\xa6"""
2018-08-01 23:41:40,"b'RT @amyklobuchar: Congratulations to Beth Ford, the newest (and first female!) CEO of MN\xe2\x80\x99s @LandOLakesInc! Women continue to make great str\xe2\x80\xa6'"
2018-08-01 23:35:42,b'@amyklobuchar @LandOLakesInc Sounds like your trying to take some of the credit to make yourself look better.'
2018-08-01 23:32:29,"b""RT @BethFordLOL: Our @SUSTAIN_ag business isn't just implementing sustainable solutions in agriculture -- they're being created from scratc\xe2\x80\xa6"""
2018-08-01 23:31:56,"b'RT @SUSTAIN_ag: ""Farmers inherently appreciate that managing risk and taking the long-term view is what keeps them on their farms season af\xe2\x80\xa6'"
2018-08-01 23:23:00,b'RT @BethFordLOL: Excited to kick off Day 1 as CEO with the people who truly make @LandOLakesInc what it is -- our employees. https://t.co/r\xe2\x80\xa6'
2018-08-01 23:17:28,"b'RT @amyklobuchar: Congratulations to Beth Ford, the newest (and first female!) CEO of MN\xe2\x80\x99s @LandOLakesInc! Women continue to make great str\xe2\x80\xa6'"
2018-08-01 22:59:46,"b'RT @amyklobuchar: Congratulations to Beth Ford, the newest (and first female!) CEO of MN\xe2\x80\x99s @LandOLakesInc! Women continue to make great str\xe2\x80\xa6'"
2018-08-01 22:56:06,"b'RT @amyklobuchar: Congratulations to Beth Ford, the newest (and first female!) CEO of MN\xe2\x80\x99s @LandOLakesInc! Women continue to make great str\xe2\x80\xa6'"
2018-08-01 22:54:31,"b'RT @SUSTAIN_ag: ""Farmers inherently appreciate that managing risk and taking the long-term view is what keeps them on their farms season af\xe2\x80\xa6'"
2018-08-01 22:54:02,"b'RT @amyklobuchar: Congratulations to Beth Ford, the newest (and first female!) CEO of MN\xe2\x80\x99s @LandOLakesInc! Women continue to make great str\xe2\x80\xa6'"
2018-08-01 22:53:44,"b'RT @amyklobuchar: Congratulations to Beth Ford, the newest (and first female!) CEO of MN\xe2\x80\x99s @LandOLakesInc! Women continue to make great str\xe2\x80\xa6'"
2018-08-01 22:49:47,b'@walterclemmons @BethFordLOL @LandOLakesInc I assume you typed this while distributing purified water in flint yourself?'
2018-08-01 22:47:22,"b""RT @BethFordLOL: Anybody who's excited about meaningful work, about focusing on the grand challenges, about feeding a growing population --\xe2\x80\xa6"""
2018-08-01 22:46:31,"b'RT @amyklobuchar: Congratulations to Beth Ford, the newest (and first female!) CEO of MN\xe2\x80\x99s @LandOLakesInc! Women continue to make great str\xe2\x80\xa6'"
2018-08-01 22:45:05,b'@BethFordLOL @LandOLakesInc Congratulations \xf0\x9f\x8e\x89\xf0\x9f\x8d\xbe\xf0\x9f\x8e\x8a \nI\xe2\x80\x99m confident you will make Butta Betta! \n-Random Twitter Guy- com\xe2\x80\xa6 https://t.co/MfDTS6ZoRM'
2018-08-01 22:42:48,b'@amyklobuchar @LandOLakesInc They have awesome dairy products. Congratulations Beth.'
2018-08-01 22:40:05,"b'RT @amyklobuchar: Congratulations to Beth Ford, the newest (and first female!) CEO of MN\xe2\x80\x99s @LandOLakesInc! Women continue to make great str\xe2\x80\xa6'"
2018-08-01 22:39:38,"b'RT @amyklobuchar: Congratulations to Beth Ford, the newest (and first female!) CEO of MN\xe2\x80\x99s @LandOLakesInc! Women continue to make great str\xe2\x80\xa6'"
2018-08-01 22:37:28,"b'RT @amyklobuchar: Congratulations to Beth Ford, the newest (and first female!) CEO of MN\xe2\x80\x99s @LandOLakesInc! Women continue to make great str\xe2\x80\xa6'"
2018-08-01 22:36:06,"b'RT @amyklobuchar: Congratulations to Beth Ford, the newest (and first female!) CEO of MN\xe2\x80\x99s @LandOLakesInc! Women continue to make great str\xe2\x80\xa6'"
2018-08-01 22:35:46,"b'RT @amyklobuchar: Congratulations to Beth Ford, the newest (and first female!) CEO of MN\xe2\x80\x99s @LandOLakesInc! Women continue to make great str\xe2\x80\xa6'"
2018-08-01 22:35:44,"b'RT @amyklobuchar: Congratulations to Beth Ford, the newest (and first female!) CEO of MN\xe2\x80\x99s @LandOLakesInc! Women continue to make great str\xe2\x80\xa6'"
2018-08-01 22:33:45,"b'RT @amyklobuchar: Congratulations to Beth Ford, the newest (and first female!) CEO of MN\xe2\x80\x99s @LandOLakesInc! Women continue to make great str\xe2\x80\xa6'"
2018-08-01 22:32:59,"b'RT @amyklobuchar: Congratulations to Beth Ford, the newest (and first female!) CEO of MN\xe2\x80\x99s @LandOLakesInc! Women continue to make great str\xe2\x80\xa6'"
2018-08-01 22:31:44,"b'RT @amyklobuchar: Congratulations to Beth Ford, the newest (and first female!) CEO of MN\xe2\x80\x99s @LandOLakesInc! Women continue to make great str\xe2\x80\xa6'"
2018-08-01 22:31:25,"b'RT @amyklobuchar: Congratulations to Beth Ford, the newest (and first female!) CEO of MN\xe2\x80\x99s @LandOLakesInc! Women continue to make great str\xe2\x80\xa6'"
2018-08-01 22:30:19,"b'RT @amyklobuchar: Congratulations to Beth Ford, the newest (and first female!) CEO of MN\xe2\x80\x99s @LandOLakesInc! Women continue to make great str\xe2\x80\xa6'"
2018-08-01 22:29:44,"b'RT @amyklobuchar: Congratulations to Beth Ford, the newest (and first female!) CEO of MN\xe2\x80\x99s @LandOLakesInc! Women continue to make great str\xe2\x80\xa6'"
2018-08-01 22:28:39,"b'RT @amyklobuchar: Congratulations to Beth Ford, the newest (and first female!) CEO of MN\xe2\x80\x99s @LandOLakesInc! Women continue to make great str\xe2\x80\xa6'"
2018-08-01 22:27:56,"b'RT @amyklobuchar: Congratulations to Beth Ford, the newest (and first female!) CEO of MN\xe2\x80\x99s @LandOLakesInc! Women continue to make great str\xe2\x80\xa6'"
2018-08-01 22:27:49,"b'RT @amyklobuchar: Congratulations to Beth Ford, the newest (and first female!) CEO of MN\xe2\x80\x99s @LandOLakesInc! Women continue to make great str\xe2\x80\xa6'"
2018-08-01 22:27:49,"b'Congratulations to Beth Ford, the newest (and first female!) CEO of MN\xe2\x80\x99s @LandOLakesInc! Women continue to make gre\xe2\x80\xa6 https://t.co/dx63vM1Ub8'"
2018-08-01 22:03:14,"b'RT @HeartlandCU_MN: Congratulations @LandOLakesInc for becoming a ""Beyond the Yellow Ribbon"" company. We\'re so proud to serve the employees\xe2\x80\xa6'"
2018-08-01 22:00:13,b'Beth Ford of @LandOLakesInc Becomes First Openly Lesbian CEO Listed on Fortune 500! https://t.co/3ZgmPMhdhS #LGBTQ'
2018-08-01 21:56:15,b'Proud to be an innovation partner with The Hershey Company. https://t.co/c6z1PDv4uJ'
2018-08-01 21:55:12,b'@BethFordLOL @LandOLakesInc Awesome.'
2018-08-01 21:19:26,"b'RT @SUSTAIN_ag: ""Farmers inherently appreciate that managing risk and taking the long-term view is what keeps them on their farms season af\xe2\x80\xa6'"
2018-08-01 21:18:13,"b'RT @HeartlandCU_MN: Congratulations @LandOLakesInc for becoming a ""Beyond the Yellow Ribbon"" company. We\'re so proud to serve the employees\xe2\x80\xa6'"
2018-08-01 21:13:33,b'Proud\nto work at @LandOLakesInc-- a company that is leading the way on innovative\nbusiness solutions for on-farm\xe2\x80\xa6 https://t.co/5qUSq5EsjJ'
2018-08-01 21:13:26,"b'RT @SUSTAIN_ag: ""Farmers inherently appreciate that managing risk and taking the long-term view is what keeps them on their farms season af\xe2\x80\xa6'"
2018-08-01 21:11:11,"b'RT @SUSTAIN_ag: ""Farmers inherently appreciate that managing risk and taking the long-term view is what keeps them on their farms season af\xe2\x80\xa6'"
2018-08-01 20:47:18,b'RT @MollyToot5: Proud to work @LandOLakesInc - a company that is leading the way on innovative business solutions for on-farm #sustainabili\xe2\x80\xa6'
2018-08-01 20:36:55,b'Proud to work @LandOLakesInc - a company that is leading the way on innovative business solutions for on-farm\xe2\x80\xa6 https://t.co/7jNKeMzA4i'
2018-08-01 20:36:02,"b'RT @SUSTAIN_ag: ""Farmers inherently appreciate that managing risk and taking the long-term view is what keeps them on their farms season af\xe2\x80\xa6'"
2018-08-01 20:35:58,b'@BethFordLOL @LandOLakesInc Meaningful? Feeding a growing population? Has Landolakes evolved? Almond base? Soy? Mac\xe2\x80\xa6 https://t.co/W2XcbmCGv3'
2018-08-01 20:32:01,"b'""What we are doing through @SUSTAIN_ag is lifting up the work that farmers are already doing and helping them to do\xe2\x80\xa6 https://t.co/Za9yn2Zg7A'"
2018-08-01 20:29:02,"b'\xe2\x80\x9cEmbrace change. There will always be change,\xe2\x80\x9d Steve Wallpe encourages his family and other farmers to consider. \xe2\x80\x9cS\xe2\x80\xa6 https://t.co/RO5qp4z3aV'"
2018-08-01 20:28:04,"b'""Farmers inherently appreciate that managing risk and taking the long-term view is what keeps them on their farms s\xe2\x80\xa6 https://t.co/sVKcjop7fo'"
2018-08-01 20:24:26,"b'Congratulations @LandOLakesInc for becoming a ""Beyond the Yellow Ribbon"" company. We\'re so proud to serve the emplo\xe2\x80\xa6 https://t.co/waXwOGG3NA'"
2018-08-01 20:16:11,b'@BethFordLOL @LandOLakesInc So happy for you Beth. Can\xe2\x80\x99t wait to hear all about life at the top!'
2018-08-01 20:02:05,b'RT @BethFordLOL: Excited to kick off Day 1 as CEO with the people who truly make @LandOLakesInc what it is -- our employees. https://t.co/r\xe2\x80\xa6'
2018-08-01 19:51:13,b'RT @MNSteveSimon: What an honor to join @LandOLakesInc CEO @BethFordLOL (on her first day in the job!) to recognize the company on being th\xe2\x80\xa6'
2018-08-01 19:42:26,"b""RT @BethFordLOL: Anybody who's excited about meaningful work, about focusing on the grand challenges, about feeding a growing population --\xe2\x80\xa6"""
2018-08-01 19:28:58,"b""RT @BethFordLOL: Anybody who's excited about meaningful work, about focusing on the grand challenges, about feeding a growing population --\xe2\x80\xa6"""
2018-08-01 19:25:45,b'RT @BethFordLOL: Excited to kick off Day 1 as CEO with the people who truly make @LandOLakesInc what it is -- our employees. https://t.co/r\xe2\x80\xa6'
2018-08-01 19:21:24,"b""RT @NFUDC: You're probably familiar with cooperatives, but did you know cooperative businesses can be structured in a number of different w\xe2\x80\xa6"""
2018-08-01 19:18:26,b'@BethFordLOL @LandOLakesInc Wishing you all the best in your new role!'
2018-08-01 19:15:49,b'Excited to kick off Day 1 as CEO with the people who truly make @LandOLakesInc what it is -- our employees. https://t.co/rGFrwjOsvo'
2018-08-01 19:10:15,b'.@LandoLakesInc views data-based storytelling about the products we buy as a way to better engage consumers about p\xe2\x80\xa6 https://t.co/Jw7F0d7L9T'
2018-08-01 19:01:55,b'RT @MNSteveSimon: What an honor to join @LandOLakesInc CEO @BethFordLOL (on her first day in the job!) to recognize the company on being th\xe2\x80\xa6'
2018-08-01 18:59:01,"b'.@BethFordLOL decided to ""live an authentic life"" as an out #LGBTQ professional. Today, as CEO of @LandOLakesInc, s\xe2\x80\xa6 https://t.co/BD9qEYARHs'"
2018-08-01 18:49:43,"b'RT @Pinboard: So @landolakesinc makes campaign contributions to Steve King, the white supremacist in Congress who retweets Nazis. I wonder\xe2\x80\xa6'"
2018-08-01 18:39:34,b'RT @MNSteveSimon: What an honor to join @LandOLakesInc CEO @BethFordLOL (on her first day in the job!) to recognize the company on being th\xe2\x80\xa6'
2018-08-01 18:08:47,"b""RT @BethFordLOL: Our @SUSTAIN_ag business isn't just implementing sustainable solutions in agriculture -- they're being created from scratc\xe2\x80\xa6"""
2018-08-01 17:51:01,b'RT @MNSteveSimon: What an honor to join @LandOLakesInc CEO @BethFordLOL (on her first day in the job!) to recognize the company on being th\xe2\x80\xa6'
2018-08-01 17:45:20,"b""You're probably familiar with cooperatives, but did you know cooperative businesses can be structured in a number o\xe2\x80\xa6 https://t.co/i7g2HENkFN"""
2018-08-01 17:32:31,"b'RT @OUTstandingiB: Earlier this week, Beth Ford was announced CEO of @LandOLakesInc - making her the first out lesbian in the Fortune 500.\xe2\x80\xa6'"
2018-08-01 17:30:55,b'RT @MNSteveSimon: What an honor to join @LandOLakesInc CEO @BethFordLOL (on her first day in the job!) to recognize the company on being th\xe2\x80\xa6'
2018-08-01 17:29:45,b'RT @MNSteveSimon: What an honor to join @LandOLakesInc CEO @BethFordLOL (on her first day in the job!) to recognize the company on being th\xe2\x80\xa6'
2018-08-01 17:25:23,"b""RT @BethFordLOL: Our @SUSTAIN_ag business isn't just implementing sustainable solutions in agriculture -- they're being created from scratc\xe2\x80\xa6"""
2018-08-01 17:24:49,"b'@MNSteveSimon @LandOLakesInc Thank you for the recognition for LOL and our vets/families/service members, Secretary\xe2\x80\xa6 https://t.co/aBgnZXcjXC'"
2018-08-01 17:15:19,b'.@LandOLakesInc has recently announced that dairy farm Reinford Farms has been named the winner of the Innovation C\xe2\x80\xa6 https://t.co/J1K98aglBM'
2018-08-01 17:09:17,b'What an honor to join @LandOLakesInc CEO @BethFordLOL (on her first day in the job!) to recognize the company on be\xe2\x80\xa6 https://t.co/S7rn258kwa'
2018-08-01 17:08:40,"b""Congrats, @BethFordLOL, on your new role as President &amp; CEO of @LandOLakesInc! We're proud to work with such a stro\xe2\x80\xa6 https://t.co/x3E9DKillR"""
2018-08-01 17:08:28,"b'RT @mypennyfair: @BethFordLOL @LandOLakesInc ""feeding human progress"" yet you politically support the racist Senator Steve King (IA) with c\xe2\x80\xa6'"
2018-08-01 17:02:04,"b'Different culture, different time, same success story: how two very different countries bounced back from economic\xe2\x80\xa6 https://t.co/MBvesuzrvo'"
2018-08-01 16:59:30,b'RT @VictoryInst: @BethFordLOL just made history as the first openly LGBTQ woman to serve as the CEO of a Fortune 500 company. Congratulatio\xe2\x80\xa6'
2018-08-01 16:52:02,"b'After my first @LandOLakesInc Town Hall, there\xe2\x80\x99s certainly a lot of optimism despite hurdles in Washington with Ag.\xe2\x80\xa6 https://t.co/hwTt4qOIIh'"
2018-08-01 16:40:44,"b""RT @BethFordLOL: Our @SUSTAIN_ag business isn't just implementing sustainable solutions in agriculture -- they're being created from scratc\xe2\x80\xa6"""
2018-08-01 16:40:04,"b""Our @SUSTAIN_ag business isn't just implementing sustainable solutions in agriculture -- they're being created from\xe2\x80\xa6 https://t.co/UXipXwZitd"""
2018-08-01 16:21:33,"b'RT @OUTstandingiB: Earlier this week, Beth Ford was announced CEO of @LandOLakesInc - making her the first out lesbian in the Fortune 500.\xe2\x80\xa6'"
2018-08-01 16:15:52,"b""RT @BethFordLOL: Anybody who's excited about meaningful work, about focusing on the grand challenges, about feeding a growing population --\xe2\x80\xa6"""
2018-08-01 16:15:18,b'.@LandOLakesInc Names Beth Ford President and CEO https://t.co/iEV4UdSGmm https://t.co/XbTUycLEgO'
2018-08-01 16:00:24,"b"".@LandOLakesInc names it's first female CEO - the 25th to lead a Fortune 500 company https://t.co/cpBdVkCkzA"""
2018-08-01 16:00:00,"b"".@LandOLakesInc's' New CEO Makes History As First Out #Lesbian Running A Fortune 500 Company\xe2\x80\xa6 https://t.co/cxrV9V1kQx"""
2018-08-01 15:56:46,b'Big day for @LandOLakesInc with awesome new CEO &amp; President @BethFordLOL - honored to work alongside you! https://t.co/LiJytJuPma'
2018-08-01 15:43:40,"b'RT @OUTstandingiB: Earlier this week, Beth Ford was announced CEO of @LandOLakesInc - making her the first out lesbian in the Fortune 500.\xe2\x80\xa6'"
2018-08-01 15:28:59,"b""RT @BethFordLOL: Anybody who's excited about meaningful work, about focusing on the grand challenges, about feeding a growing population --\xe2\x80\xa6"""
2018-08-01 15:05:57,b'@LandOLakesInc @BethFordLOL will be the reason that many of us will go out of our way to buy Land O\xe2\x80\x99 Lakes products\xe2\x80\xa6 https://t.co/1Cduj1hvUs'
2018-08-01 14:59:55,b'RT @VictoryInst: @BethFordLOL just made history as the first openly LGBTQ woman to serve as the CEO of a Fortune 500 company. Congratulatio\xe2\x80\xa6'
2018-08-01 14:56:08,b'RT @VictoryInst: @BethFordLOL just made history as the first openly LGBTQ woman to serve as the CEO of a Fortune 500 company. Congratulatio\xe2\x80\xa6'
2018-08-01 14:01:12,b'@BethFordLOL just made history as the first openly LGBTQ woman to serve as the CEO of a Fortune 500 company. Congra\xe2\x80\xa6 https://t.co/B1SlTeTAos'
2018-08-01 13:41:46,"b""RT @MCMitchell99: Looking forward to my first trip to Rwanda-\n\n'How history links emerging Rwandan farmers to a Fortune 200 co-op' via @Lan\xe2\x80\xa6"""
2018-08-01 13:36:22,"b'RT @LogoTV: For the first time in its 63-year-old history, an openly lesbian CEO is being listed on the Fortune 500. @LandOLakesInc names @\xe2\x80\xa6'"
2018-08-01 13:32:30,b'New @LandOLakesInc CEO @BethFordLOL just became the first openly gay woman to lead a Fortune 500 company \xe2\x80\x94 take a l\xe2\x80\xa6 https://t.co/q8FMIcTvEt'
2018-08-01 13:28:33,"b""RT @MCMitchell99: Looking forward to my first trip to Rwanda-\n\n'How history links emerging Rwandan farmers to a Fortune 200 co-op' via @Lan\xe2\x80\xa6"""
2018-08-01 13:14:09,"b""Looking forward to my first trip to Rwanda-\n\n'How history links emerging Rwandan farmers to a Fortune 200 co-op' vi\xe2\x80\xa6 https://t.co/cM76t8Ej9G"""
2018-08-01 12:10:48,b'RT @ukylgbtq: Beth Ford - the first openly gay woman to run a Fortune 500 company... in the ag industry no less. @LandOLakesInc @UKAgricult\xe2\x80\xa6'
2018-08-01 10:35:01,"b'Earlier this week, Beth Ford was announced CEO of @LandOLakesInc. This makes her the first out lesbian in the Fortu\xe2\x80\xa6 https://t.co/U4KitasG0R'"
2018-08-01 09:38:47,"b'RT @OUTstandingiB: Earlier this week, Beth Ford was announced CEO of @LandOLakesInc - making her the first out lesbian in the Fortune 500.\xe2\x80\xa6'"
2018-08-01 09:38:45,"b'RT @OUTstandingiB: Earlier this week, Beth Ford was announced CEO of @LandOLakesInc - making her the first out lesbian in the Fortune 500.\xe2\x80\xa6'"
2018-08-01 09:35:38,"b'Earlier this week, Beth Ford was announced CEO of @LandOLakesInc - making her the first out lesbian in the Fortune\xe2\x80\xa6 https://t.co/JXenVe8DA2'"
2018-08-01 09:24:59,"b""RT @BethFordLOL: Anybody who's excited about meaningful work, about focusing on the grand challenges, about feeding a growing population --\xe2\x80\xa6"""
2018-08-01 08:43:54,"b'@BethFordLOL @LandOLakesInc Fat, grotesque @realDonaldTrump will destroy the earth. Give up hope.'"
2018-08-01 07:53:25,"b""RT @BethFordLOL: Anybody who's excited about meaningful work, about focusing on the grand challenges, about feeding a growing population --\xe2\x80\xa6"""
2018-08-01 04:15:22,b'RT @admjkrock: @BethFordLOL @LandOLakesInc Where do I sign up?'
2018-08-01 04:15:18,b'RT @CGrothaus: @BethFordLOL @LandOLakesInc I offer great corporate reputation expertise and am seeking a worthwhile opportunity where I can\xe2\x80\xa6'
2018-08-01 04:14:34,"b""RT @dkaramuzi: 'How history links emerging Rwandan farmers to a Fortune 200 co-op' via @Landolakesinc - https://t.co/QT3hY1XTiL"""
2018-08-01 01:58:44,"b'RT @Pinboard: So @landolakesinc makes campaign contributions to Steve King, the white supremacist in Congress who retweets Nazis. I wonder\xe2\x80\xa6'"
2018-08-01 01:40:16,b'Congrats to MN based @LandOLakesInc for choosing Beth Ford as first out lesbian CEO of Fortune 500... and your butter is good too!'
2018-08-01 01:21:58,b'Data driven #Sustainability #3Capitals #BUILDValuation Congrats @LandOLakesInc https://t.co/ZgS9VluPT2'
2018-08-01 01:03:55,b'Congratulations to @BethFordLOL @LandOLakesInc for breaking an important barrier by becoming the first open gay fem\xe2\x80\xa6 https://t.co/La2bhOQwD5'
2018-08-01 00:31:58,"b'RT @FANUCAmerica: 4 palletizers. 10 days. 1 goal: Improve productivity.\n\nRead this great story by @LandOLakesInc, who worked with @_Premier\xe2\x80\xa6'"
2018-08-01 00:27:13,b'RT @walterclemmons: @BethFordLOL @LandOLakesInc About sending semi trucks of free purifier water to Flint would be a wonderful start.'
2018-08-01 00:11:19,b'@BillieJeanKing @BethFordLOL @LandOLakesInc Wear Blue Suede Shoes \xe2\x9c\x85\xf0\x9f\x92\x99'
2018-07-31 23:45:09,"b'I have long admired @LandOLakesInc. Kudos on authentic leadership.\n""I made a decision long ago to live an authentic\xe2\x80\xa6 https://t.co/ecWqmXDAdi'"
2018-07-31 23:39:47,"b'RT @LogoTV: For the first time in its 63-year-old history, an openly lesbian CEO is being listed on the Fortune 500. @LandOLakesInc names @\xe2\x80\xa6'"
2018-07-31 23:29:48,"b'RT @LogoTV: For the first time in its 63-year-old history, an openly lesbian CEO is being listed on the Fortune 500. @LandOLakesInc names @\xe2\x80\xa6'"
2018-07-31 23:26:12,"b'RT @LogoTV: For the first time in its 63-year-old history, an openly lesbian CEO is being listed on the Fortune 500. @LandOLakesInc names @\xe2\x80\xa6'"
2018-07-31 23:20:49,"b'RT @LogoTV: For the first time in its 63-year-old history, an openly lesbian CEO is being listed on the Fortune 500. @LandOLakesInc names @\xe2\x80\xa6'"
2018-07-31 23:02:00,"b'For the first time in its 63-year-old history, an openly lesbian CEO is being listed on the Fortune 500.\xe2\x80\xa6 https://t.co/qG8DyoIHBW'"
2018-07-31 22:47:38,"b""RT @BethFordLOL: Anybody who's excited about meaningful work, about focusing on the grand challenges, about feeding a growing population --\xe2\x80\xa6"""
2018-07-31 22:38:24,b'@BethFordLOL @LandOLakesInc Holy Cow. My arteries are hardening. Land Sake'
2018-07-31 22:35:10,"b""RT @BethFordLOL: Anybody who's excited about meaningful work, about focusing on the grand challenges, about feeding a growing population --\xe2\x80\xa6"""
2018-07-31 22:04:46,b'@BethFordLOL @LandOLakesInc Only product I\xe2\x80\x99ll buy from now on'
2018-07-31 22:04:31,"b""RT @BethFordLOL: Anybody who's excited about meaningful work, about focusing on the grand challenges, about feeding a growing population --\xe2\x80\xa6"""
2018-07-31 21:50:11,"b""RT @BethFordLOL: Anybody who's excited about meaningful work, about focusing on the grand challenges, about feeding a growing population --\xe2\x80\xa6"""
2018-07-31 21:46:06,"b""RT @BethFordLOL: Anybody who's excited about meaningful work, about focusing on the grand challenges, about feeding a growing population --\xe2\x80\xa6"""
2018-07-31 21:28:07,b'Diversity &amp; Inclusion done right! Congratulations all around! https://t.co/0BFjA6pxJC'
2018-07-31 21:18:58,"b'@BethFordLOL @LandOLakesInc Who oversees your Title VII policies, practices and training (besides HR and in-house c\xe2\x80\xa6 https://t.co/nKgJDupIMO'"
2018-07-31 21:05:23,"b""RT @OnTopMag: .@LandOLakesInc's' New CEO Makes History As First Out #Lesbian Running A Fortune 500 Company https://t.co/YplxaiHjP3 #LGBT #f\xe2\x80\xa6"""
2018-07-31 21:00:36,b'Beth Ford assumes the top spot at @LandOLakesInc on Aug. 1. The industry vet becomes president and CEO of one of th\xe2\x80\xa6 https://t.co/JyYQfpr7Lv'
2018-07-31 21:00:00,"b"".@LandOLakesInc's' New CEO Makes History As First Out #Lesbian Running A Fortune 500 Company https://t.co/YplxaiHjP3 #LGBT #fortune500"""
2018-07-31 20:53:18,"b""RT @BethFordLOL: Anybody who's excited about meaningful work, about focusing on the grand challenges, about feeding a growing population --\xe2\x80\xa6"""
2018-07-31 20:46:12,b'@mypennyfair @BethFordLOL @LandOLakesInc All republicans are not deplorable like Drumpf. Almost all business owners\xe2\x80\xa6 https://t.co/fouKm5JmGm'
2018-07-31 20:30:12,"b""'How history links emerging Rwandan farmers to a Fortune 200 co-op' via @Landolakesinc - https://t.co/QT3hY1XTiL"""
2018-07-31 20:26:17,b'@BethFordLOL @LandOLakesInc I offer great corporate reputation expertise and am seeking a worthwhile opportunity wh\xe2\x80\xa6 https://t.co/v98kxypmJ7'
2018-07-31 20:19:14,b'RT @NotYourMascot: Do you think she might help @LandOLakesInc finally stop using a Native girl on her knees to sell dairy products? \n\n@noty\xe2\x80\xa6'
2018-07-31 19:54:45,b'RT @walterclemmons: @BethFordLOL @LandOLakesInc About sending semi trucks of free purifier water to Flint would be a wonderful start.'
2018-07-31 19:50:58,"b'RT @2harvest: This morning @LandOLakesInc donated over 40,000 pounds of macaroni &amp; cheese to Second Harvest. This donation demonstrates the\xe2\x80\xa6'"
2018-07-31 19:42:38,b'RT @Caglayan_Arkan: Congratulations to an exceptional leader! https://t.co/3g2I1VmwOJ'
2018-07-31 19:34:42,"b'@BillieJeanKing @BethFordLOL @LandOLakesInc Thank you for being a voice for all, for equality, for authenticity. I\xe2\x80\xa6 https://t.co/FroHxZqADy'"
2018-07-31 18:41:04,b'RT @LandOLakesInc: Feeding Human Progress starts with...radio? Building on our foundation of #farmers who came together to do good.  https:\xe2\x80\xa6'
2018-07-31 18:36:21,b'RT @ukylgbtq: Beth Ford - the first openly gay woman to run a Fortune 500 company... in the ag industry no less. @LandOLakesInc @UKAgricult\xe2\x80\xa6'
2018-07-31 18:10:12,"b'For years, there\xe2\x80\x99s been a breakdown of communication between #farmers and consumers across the food and agriculture\xe2\x80\xa6 https://t.co/4t4Xvkgn3K'"
2018-07-31 18:07:11,"b""RT @BethFordLOL: Anybody who's excited about meaningful work, about focusing on the grand challenges, about feeding a growing population --\xe2\x80\xa6"""
2018-07-31 18:05:47,b'@LandOLakesInc will be following u now with the new CEO'
2018-07-31 18:04:35,"b""RT @BethFordLOL: Anybody who's excited about meaningful work, about focusing on the grand challenges, about feeding a growing population --\xe2\x80\xa6"""
2018-07-31 17:39:01,"b""RT @ColumbiaAlumniA: Congratulations to trailblazer Beth Ford '95BUS (@BethFordLOL), the new president and CEO of @LandOLakesInc, the first\xe2\x80\xa6"""
2018-07-31 17:30:20,"b""Congratulations to trailblazer Beth Ford '95BUS (@BethFordLOL), the new president and CEO of @LandOLakesInc, the fi\xe2\x80\xa6 https://t.co/DfdDjd9dD3"""
2018-07-31 17:28:19,b'LGBT business leaders hailed the appointment this week of @BethFordLOL as the first openly lesbian chief executive\xe2\x80\xa6 https://t.co/hgdo130SFR'
2018-07-31 16:54:15,"b"".@LandOLakesInc's' New CEO Makes History As First Out #Lesbian Running A Fortune 500 Company https://t.co/YplxaiHjP3 #lgbt #fortune500"""
2018-07-31 16:52:01,b'Feeding Human Progress starts with...radio? Building on our foundation of #farmers who came together to do good.  https://t.co/9BWB0oer2x'
2018-07-31 16:43:34,b'Makes me even more proud to be a Minnesotan --&gt; \nNew @LandOLakesInc CEO Is First Openly Gay Woman To Head A Fortune\xe2\x80\xa6 https://t.co/dwsZdzNnpC'
2018-07-31 16:26:11,b'Beth Ford - the first openly gay woman to run a Fortune 500 company... in the ag industry no less. @LandOLakesInc\xe2\x80\xa6 https://t.co/mpOUx60DMd'
2018-07-31 16:09:36,"b'This morning @LandOLakesInc donated over 40,000 pounds of macaroni &amp; cheese to Second Harvest. This donation demons\xe2\x80\xa6 https://t.co/gcZvOgjxtp'"
2018-07-31 16:07:02,"b'RT @FANUCAmerica: 4 palletizers. 10 days. 1 goal: Improve productivity.\n\nRead this great story by @LandOLakesInc, who worked with @_Premier\xe2\x80\xa6'"
2018-07-31 16:05:16,"b'4 palletizers. 10 days. 1 goal: Improve productivity.\n\nRead this great story by @LandOLakesInc, who worked with\xe2\x80\xa6 https://t.co/7jT0RLSd7h'"
2018-07-31 16:00:23,"b'This is an exciting week for Beth Ford. She takes over as president and CEO of @LandOLakesInc on Aug. 1, following\xe2\x80\xa6 https://t.co/FqUh25IdoZ'"
2018-07-31 15:48:49,"b""RT @LandOLakesInc: .@BethFordLOL, the new President and CEO of @LandOLakesInc, on why it's one of the most exciting places she's ever worke\xe2\x80\xa6"""
2018-07-31 15:04:38,"b""RT @LandOLakesInc: .@BethFordLOL, the new President and CEO of @LandOLakesInc, on why it's one of the most exciting places she's ever worke\xe2\x80\xa6"""
2018-07-31 14:28:56,b'RT @Caglayan_Arkan: More about how we are collaborating with Land O\xe2\x80\x99Lakes SUSTAIN to help farmers improve sustainability using #AI. https:/\xe2\x80\xa6'
2018-07-31 14:24:33,"b'RT @Pinboard: So @landolakesinc makes campaign contributions to Steve King, the white supremacist in Congress who retweets Nazis. I wonder\xe2\x80\xa6'"
2018-07-31 14:23:18,"b'RT @slpng_giants: Congratulations on your new role, @BethFordLOL. Please reconsider your company\xe2\x80\x99s donations to @SteveKingIA, who has prove\xe2\x80\xa6'"
2018-07-31 14:21:26,b'@mypennyfair @BethFordLOL @LandOLakesInc Thank you for your low IQ analysis'
2018-07-31 14:18:32,"b""RT @BethFordLOL: Anybody who's excited about meaningful work, about focusing on the grand challenges, about feeding a growing population --\xe2\x80\xa6"""
2018-07-31 14:11:41,"b'RT @LandOLakesInc: ""At a time of unprecedented change in the agriculture and food industries, no person is better suited to lead us into th\xe2\x80\xa6'"
2018-07-31 13:55:03,"b""We're harnessing technology, innovation and robots to transform our business. https://t.co/74dQ7gkead"""
2018-07-31 12:59:17,"b'RT @mypennyfair: @BethFordLOL @LandOLakesInc ""feeding human progress"" yet you politically support the racist Senator Steve King (IA) with c\xe2\x80\xa6'"
2018-07-31 12:54:24,"b'RT @slpng_giants: Congratulations on your new role, @BethFordLOL. Please reconsider your company\xe2\x80\x99s donations to @SteveKingIA, who has prove\xe2\x80\xa6'"
2018-07-31 12:38:59,"b""RT @BethFordLOL: Anybody who's excited about meaningful work, about focusing on the grand challenges, about feeding a growing population --\xe2\x80\xa6"""
2018-07-31 12:26:14,"b'RT @slpng_giants: Congratulations on your new role, @BethFordLOL. Please reconsider your company\xe2\x80\x99s donations to @SteveKingIA, who has prove\xe2\x80\xa6'"
2018-07-31 12:26:02,"b'@LandOLakesInc @BethFordLOL Damn Beth, I love your unsalted butter, but I will just purchase the Kirkland brand goi\xe2\x80\xa6 https://t.co/2kpVecwlBr'"
2018-07-31 12:22:36,"b'RT @slpng_giants: Congratulations on your new role, @BethFordLOL. Please reconsider your company\xe2\x80\x99s donations to @SteveKingIA, who has prove\xe2\x80\xa6'"
2018-07-31 12:16:33,"b'RT @slpng_giants: Congratulations on your new role, @BethFordLOL. Please reconsider your company\xe2\x80\x99s donations to @SteveKingIA, who has prove\xe2\x80\xa6'"
2018-07-31 11:23:06,"b""RT @NatGeoGenius: We're all in it together when it comes to protecting the planet while filling our plates. But how do we feed human progre\xe2\x80\xa6"""
2018-07-31 11:04:29,"b""RT @Agridome: Spray drift........'Wind tunnels: Jets, bullet trains, race cars and...spray dynamics' https://t.co/7rnNDwIQZb"""
2018-07-31 11:00:54,"b""Spray drift........'Wind tunnels: Jets, bullet trains, race cars and...spray dynamics' https://t.co/7rnNDwIQZb"""
2018-07-31 09:23:54,b'RT @LandOLakesID: #Cooperatives are a key driver of economic development - it was true in the US with @LandOLakesInc at the turn of the 20t\xe2\x80\xa6'
2018-07-31 07:28:33,"b'RT @slpng_giants: Congratulations on your new role, @BethFordLOL. Please reconsider your company\xe2\x80\x99s donations to @SteveKingIA, who has prove\xe2\x80\xa6'"
2018-07-31 06:55:41,b'RT @LandOLakesID: #Cooperatives are a key driver of economic development - it was true in the US with @LandOLakesInc at the turn of the 20t\xe2\x80\xa6'
2018-07-31 03:19:04,"b'RT @Pinboard: So @landolakesinc makes campaign contributions to Steve King, the white supremacist in Congress who retweets Nazis. I wonder\xe2\x80\xa6'"
2018-07-31 03:13:00,b'RT @lesleyraekelly: Eeeeekkkk. Our farm just received an award from @LandOLakesInc on sustainability practices. My heart and smile are so b\xe2\x80\xa6'
2018-07-31 03:06:46,b'Congrats @BethFordLOL and good to see @LandOLakesInc leading with diversity. https://t.co/c3yniCbmZO'
2018-07-31 03:01:39,"b'RT @SenTinaSmith: Congratulations, @BethFordLOL, on your new role as President and CEO of @LandOLakesInc, and for becoming the first woman\xe2\x80\xa6'"
2018-07-31 01:46:46,"b'RT @slpng_giants: Congratulations on your new role, @BethFordLOL. Please reconsider your company\xe2\x80\x99s donations to @SteveKingIA, who has prove\xe2\x80\xa6'"
2018-07-31 01:27:44,"b'RT @Pinboard: Tom Emmer is another anti-gay politician getting thousands in donations from @LandOLakesINC. When Target donated to Emmer, th\xe2\x80\xa6'"
2018-07-31 01:22:47,"b'RT @slpng_giants: Congratulations on your new role, @BethFordLOL. Please reconsider your company\xe2\x80\x99s donations to @SteveKingIA, who has prove\xe2\x80\xa6'"
2018-07-31 00:03:55,"b""RT @BethFordLOL: Anybody who's excited about meaningful work, about focusing on the grand challenges, about feeding a growing population --\xe2\x80\xa6"""
2018-07-30 23:43:22,"b'RT @slpng_giants: Congratulations on your new role, @BethFordLOL. Please reconsider your company\xe2\x80\x99s donations to @SteveKingIA, who has prove\xe2\x80\xa6'"
2018-07-30 23:32:01,"b'Some day, hope this isn\xe2\x80\x99t news. Till then, I\xe2\x80\x99ll eat more @LandOLakesInc butter &amp; salute them 4 promoting person the\xe2\x80\xa6 https://t.co/NkiClWVH5W'"
2018-07-30 22:49:15,b'RT @Now2NextWoman: Congrats to Beth Ford the new CEO of @LandOLakesInc https://t.co/fiBD1itCfO #Now2NextWoman'
2018-07-30 22:41:18,"b""RT @BethFordLOL: Anybody who's excited about meaningful work, about focusing on the grand challenges, about feeding a growing population --\xe2\x80\xa6"""
2018-07-30 22:30:32,"b'RT @slpng_giants: Congratulations on your new role, @BethFordLOL. Please reconsider your company\xe2\x80\x99s donations to @SteveKingIA, who has prove\xe2\x80\xa6'"
2018-07-30 22:18:56,"b'RT @slpng_giants: Congratulations on your new role, @BethFordLOL. Please reconsider your company\xe2\x80\x99s donations to @SteveKingIA, who has prove\xe2\x80\xa6'"
2018-07-30 21:53:36,b'@LandOLakesInc My family works hard for our grocery money and we want to know why you are using the money we spend\xe2\x80\xa6 https://t.co/cY7mWLSNqu'
2018-07-30 21:41:13,b'Congrats \xf0\x9f\x8c\x88 now if I could only find your 82 pct European style butter @ my local @FredMeyerStores in Bellingham WA! https://t.co/nFE4g2XMhJ'
2018-07-30 21:36:26,b'@BethFordLOL @LandOLakesInc Where do I sign up?'
2018-07-30 21:18:22,"b'RT @slpng_giants: Congratulations on your new role, @BethFordLOL. Please reconsider your company\xe2\x80\x99s donations to @SteveKingIA, who has prove\xe2\x80\xa6'"
2018-07-30 20:55:09,"b'RT @slpng_giants: Congratulations on your new role, @BethFordLOL. Please reconsider your company\xe2\x80\x99s donations to @SteveKingIA, who has prove\xe2\x80\xa6'"
2018-07-30 20:16:50,"b'RT @Nataliekitro: For the first time ever, a lesbian will lead a Fortune 500 company -- @LandOLakesInc \n\nhttps://t.co/G7oR3zOXL1'"
2018-07-30 20:13:13,"b'RT @Pinboard: So @landolakesinc makes campaign contributions to Steve King, the white supremacist in Congress who retweets Nazis. I wonder\xe2\x80\xa6'"
2018-07-30 20:11:15,"b'For the first time ever, a lesbian will lead a Fortune 500 company -- @LandOLakesInc \n\nhttps://t.co/G7oR3zOXL1'"
